,high date,high close,next high date,next high close,date diff,close diff,close diff (%)
1,1928-01-03,17.76,1928-03-09,17.93,66.0,0.17,0.957
47,1928-03-09,17.93,1928-03-12,18.0,3.0,0.07,0.39
48,1928-03-12,18.0,1928-03-15,18.07,3.0,0.07,0.389
51,1928-03-15,18.07,1928-03-16,18.26,1.0,0.19,1.051
52,1928-03-16,18.26,1928-03-19,18.360001,3.0,0.1,0.548
53,1928-03-19,18.360001,1928-03-20,18.459999,1.0,0.1,0.545
54,1928-03-20,18.459999,1928-03-21,18.65,1.0,0.19,1.029
55,1928-03-21,18.65,1928-03-23,18.780001000000002,2.0,0.13,0.697
57,1928-03-23,18.780001000000002,1928-03-26,19.049999,3.0,0.27,1.438
58,1928-03-26,19.049999,1928-03-30,19.280001000000002,4.0,0.23,1.207
62,1928-03-30,19.280001000000002,1928-04-11,19.440001000000002,12.0,0.16,0.83
69,1928-04-11,19.440001000000002,1928-04-13,19.73,2.0,0.29,1.492
71,1928-04-13,19.73,1928-04-30,19.75,17.0,0.02,0.101
82,1928-04-30,19.75,1928-05-01,19.780001000000002,1.0,0.03,0.152
83,1928-05-01,19.780001000000002,1928-05-02,19.83,1.0,0.05,0.253
84,1928-05-02,19.83,1928-05-03,19.93,1.0,0.1,0.504
85,1928-05-03,19.93,1928-05-04,20.24,1.0,0.31,1.555
86,1928-05-04,20.24,1928-05-07,20.41,3.0,0.17,0.84
87,1928-05-07,20.41,1928-05-14,20.440001000000002,7.0,0.03,0.147
92,1928-05-14,20.440001000000002,1928-08-28,20.540001,106.0,0.1,0.489
166,1928-08-28,20.540001,1928-08-29,20.58,1.0,0.04,0.195
167,1928-08-29,20.58,1928-08-30,20.610001,1.0,0.03,0.146
168,1928-08-30,20.610001,1928-08-31,20.870001000000002,1.0,0.26,1.262
169,1928-08-31,20.870001000000002,1928-09-04,20.969998999999998,4.0,0.1,0.479
170,1928-09-04,20.969998999999998,1928-09-05,21.07,1.0,0.1,0.477
171,1928-09-05,21.07,1928-09-07,21.09,2.0,0.02,0.095
173,1928-09-07,21.09,1928-09-12,21.16,5.0,0.07,0.332
176,1928-09-12,21.16,1928-09-17,21.33,5.0,0.17,0.803
179,1928-09-17,21.33,1928-09-21,21.360001,4.0,0.03,0.141
183,1928-09-21,21.360001,1928-09-24,21.43,3.0,0.07,0.328
184,1928-09-24,21.43,1928-10-11,21.51,17.0,0.08,0.373
197,1928-10-11,21.51,1928-10-15,21.65,4.0,0.14,0.651
198,1928-10-15,21.65,1928-10-16,21.719998999999998,1.0,0.07,0.323
199,1928-10-16,21.719998999999998,1928-10-17,21.790001,1.0,0.07,0.322
200,1928-10-17,21.790001,1928-10-18,21.84,1.0,0.05,0.229
201,1928-10-18,21.84,1928-10-19,21.959999,1.0,0.12,0.549
202,1928-10-19,21.959999,1928-10-24,21.99,5.0,0.03,0.137
205,1928-10-24,21.99,1928-10-29,22.0,5.0,0.01,0.045
208,1928-10-29,22.0,1928-11-05,22.24,7.0,0.24,1.091
213,1928-11-05,22.24,1928-11-07,22.24,2.0,0.0,0.0
214,1928-11-07,22.24,1928-11-08,22.389999,1.0,0.15,0.674
215,1928-11-08,22.389999,1928-11-09,22.549999,1.0,0.16,0.715
216,1928-11-09,22.549999,1928-11-12,22.84,3.0,0.29,1.286
217,1928-11-12,22.84,1928-11-13,22.91,1.0,0.07,0.306
218,1928-11-13,22.91,1928-11-14,22.91,1.0,0.0,0.0
219,1928-11-14,22.91,1928-11-15,23.030001000000002,1.0,0.12,0.524
220,1928-11-15,23.030001000000002,1928-11-16,23.370001000000002,1.0,0.34,1.476
221,1928-11-16,23.370001000000002,1928-11-19,23.370001000000002,3.0,0.0,0.0
222,1928-11-19,23.370001000000002,1928-11-20,23.57,1.0,0.2,0.856
223,1928-11-20,23.57,1928-11-23,23.700001,3.0,0.13,0.552
226,1928-11-23,23.700001,1928-11-26,23.799999,3.0,0.1,0.422
227,1928-11-26,23.799999,1928-11-27,23.91,1.0,0.11,0.462
228,1928-11-27,23.91,1928-11-28,24.190001000000002,1.0,0.28,1.171
229,1928-11-28,24.190001000000002,1928-11-30,24.280001000000002,2.0,0.09,0.372
230,1928-11-30,24.280001000000002,1928-12-31,24.35,31.0,0.07,0.288
250,1928-12-31,24.35,1929-01-02,24.809998999999998,2.0,0.46,1.889
251,1929-01-02,24.809998999999998,1929-01-03,24.860001,1.0,0.05,0.202
252,1929-01-03,24.860001,1929-01-21,24.860001,18.0,0.0,0.0
264,1929-01-21,24.860001,1929-01-22,25.07,1.0,0.21,0.845
265,1929-01-22,25.07,1929-01-23,25.219998999999998,1.0,0.15,0.598
266,1929-01-23,25.219998999999998,1929-01-25,25.48,2.0,0.26,1.031
268,1929-01-25,25.48,1929-01-31,25.74,6.0,0.26,1.02
272,1929-01-31,25.74,1929-02-01,25.84,1.0,0.1,0.389
273,1929-02-01,25.84,1929-03-15,26.08,42.0,0.24,0.929
301,1929-03-15,26.08,1929-05-02,26.110001,48.0,0.03,0.115
334,1929-05-02,26.110001,1929-05-03,26.370001000000002,1.0,0.26,0.996
335,1929-05-03,26.370001000000002,1929-06-17,26.41,45.0,0.04,0.152
365,1929-06-17,26.41,1929-06-18,26.42,1.0,0.01,0.038
366,1929-06-18,26.42,1929-06-20,26.469998999999998,2.0,0.05,0.189
368,1929-06-20,26.469998999999998,1929-06-21,26.620001000000002,1.0,0.15,0.567
369,1929-06-21,26.620001000000002,1929-06-24,26.620001000000002,3.0,0.0,0.0
370,1929-06-24,26.620001000000002,1929-06-25,26.9,1.0,0.28,1.052
371,1929-06-25,26.9,1929-06-26,27.059998999999998,1.0,0.16,0.595
372,1929-06-26,27.059998999999998,1929-06-27,27.110001,1.0,0.05,0.185
373,1929-06-27,27.110001,1929-06-28,27.41,1.0,0.3,1.107
374,1929-06-28,27.41,1929-07-01,27.77,3.0,0.36,1.313
375,1929-07-01,27.77,1929-07-02,28.059998999999998,1.0,0.29,1.044
376,1929-07-02,28.059998999999998,1929-07-03,28.18,1.0,0.12,0.428
377,1929-07-03,28.18,1929-07-05,28.32,2.0,0.14,0.497
378,1929-07-05,28.32,1929-07-08,28.370001000000002,3.0,0.05,0.177
379,1929-07-08,28.370001000000002,1929-07-12,28.57,4.0,0.2,0.705
383,1929-07-12,28.57,1929-07-16,28.65,4.0,0.08,0.28
385,1929-07-16,28.65,1929-07-17,28.719998999999998,1.0,0.07,0.244
386,1929-07-17,28.719998999999998,1929-07-19,28.76,2.0,0.04,0.139
388,1929-07-19,28.76,1929-07-23,28.83,4.0,0.07,0.243
390,1929-07-23,28.83,1929-07-31,28.879998999999998,8.0,0.05,0.173
396,1929-07-31,28.879998999999998,1929-08-01,29.08,1.0,0.2,0.693
397,1929-08-01,29.08,1929-08-02,29.559998999999998,1.0,0.48,1.651
398,1929-08-02,29.559998999999998,1929-08-14,29.620001000000002,12.0,0.06,0.203
406,1929-08-14,29.620001000000002,1929-08-15,29.67,1.0,0.05,0.169
407,1929-08-15,29.67,1929-08-16,30.219998999999998,1.0,0.55,1.854
408,1929-08-16,30.219998999999998,1929-08-19,30.5,3.0,0.28,0.927
409,1929-08-19,30.5,1929-08-20,30.68,1.0,0.18,0.59
410,1929-08-20,30.68,1929-08-22,30.790001,2.0,0.11,0.359
412,1929-08-22,30.790001,1929-08-23,31.09,1.0,0.3,0.974
413,1929-08-23,31.09,1929-08-29,31.290001,6.0,0.2,0.643
417,1929-08-29,31.290001,1929-08-30,31.709999,1.0,0.42,1.342
418,1929-08-30,31.709999,1929-09-03,31.82,4.0,0.11,0.347
419,1929-09-03,31.82,1929-09-06,31.83,3.0,0.01,0.031
422,1929-09-06,31.83,1929-09-16,31.860001,10.0,0.03,0.094
428,1929-09-16,31.860001,1954-09-22,32.0,9137.0,0.14,0.439
6677,1954-09-22,32.0,1954-09-23,32.18,1.0,0.18,0.562
6678,1954-09-23,32.18,1954-09-24,32.400002,1.0,0.22,0.684
6679,1954-09-24,32.400002,1954-09-27,32.529999,3.0,0.13,0.401
6680,1954-09-27,32.529999,1954-09-28,32.689999,1.0,0.16,0.492
6681,1954-09-28,32.689999,1954-10-06,32.759997999999996,8.0,0.07,0.214
6687,1954-10-06,32.759997999999996,1954-11-04,32.82,29.0,0.06,0.183
6707,1954-11-04,32.82,1954-11-08,33.02,4.0,0.2,0.609
6709,1954-11-08,33.02,1954-11-09,33.150002,1.0,0.13,0.394
6710,1954-11-09,33.150002,1954-11-10,33.18,1.0,0.03,0.09
6711,1954-11-10,33.18,1954-11-11,33.470001,1.0,0.29,0.874
6712,1954-11-11,33.470001,1954-11-12,33.540001000000004,1.0,0.07,0.209
6713,1954-11-12,33.540001000000004,1954-11-16,33.57,4.0,0.03,0.089
6715,1954-11-16,33.57,1954-11-17,33.630001,1.0,0.06,0.179
6716,1954-11-17,33.630001,1954-11-23,34.029999,6.0,0.4,1.189
6720,1954-11-23,34.029999,1954-11-24,34.220001,1.0,0.19,0.558
6721,1954-11-24,34.220001,1954-11-26,34.549999,2.0,0.33,0.964
6722,1954-11-26,34.549999,1954-12-06,34.759997999999996,10.0,0.21,0.608
6728,1954-12-06,34.759997999999996,1954-12-07,34.919998,1.0,0.16,0.46
6729,1954-12-07,34.919998,1954-12-16,34.93,9.0,0.01,0.029
6736,1954-12-16,34.93,1954-12-17,35.919998,1.0,0.99,2.834
6737,1954-12-17,35.919998,1954-12-31,35.98,14.0,0.06,0.167
6746,1954-12-31,35.98,1955-01-03,36.75,3.0,0.77,2.14
6747,1955-01-03,36.75,1955-02-04,36.959998999999996,32.0,0.21,0.571
6771,1955-02-04,36.959998999999996,1955-02-07,36.959998999999996,3.0,0.0,0.0
6772,1955-02-07,36.959998999999996,1955-02-10,37.080002,3.0,0.12,0.325
6775,1955-02-10,37.080002,1955-02-11,37.150002,1.0,0.07,0.189
6776,1955-02-11,37.150002,1955-03-02,37.150002,19.0,0.0,0.0
6788,1955-03-02,37.150002,1955-03-03,37.290001000000004,1.0,0.14,0.377
6789,1955-03-03,37.290001000000004,1955-03-04,37.52,1.0,0.23,0.617
6790,1955-03-04,37.52,1955-04-12,37.66,39.0,0.14,0.373
6816,1955-04-12,37.66,1955-04-13,37.709998999999996,1.0,0.05,0.133
6817,1955-04-13,37.709998999999996,1955-04-14,37.790001000000004,1.0,0.08,0.212
6818,1955-04-14,37.790001000000004,1955-04-15,37.959998999999996,1.0,0.17,0.45
6819,1955-04-15,37.959998999999996,1955-04-18,38.27,3.0,0.31,0.817
6820,1955-04-18,38.27,1955-04-20,38.279999,2.0,0.01,0.026
6822,1955-04-20,38.279999,1955-04-21,38.32,1.0,0.04,0.104
6823,1955-04-21,38.32,1955-06-03,38.369999,43.0,0.05,0.13
6853,1955-06-03,38.369999,1955-06-06,39.689999,3.0,1.32,3.44
6854,1955-06-06,39.689999,1955-06-07,39.959998999999996,1.0,0.27,0.68
6855,1955-06-07,39.959998999999996,1955-06-16,39.959998999999996,9.0,0.0,0.0
6862,1955-06-16,39.959998999999996,1955-06-17,40.099998,1.0,0.14,0.35
6863,1955-06-17,40.099998,1955-06-20,40.139998999999996,3.0,0.04,0.1
6864,1955-06-20,40.139998999999996,1955-06-21,40.509997999999996,1.0,0.37,0.922
6865,1955-06-21,40.509997999999996,1955-06-22,40.599998,1.0,0.09,0.222
6866,1955-06-22,40.599998,1955-06-23,40.75,1.0,0.15,0.369
6867,1955-06-23,40.75,1955-06-24,40.959998999999996,1.0,0.21,0.515
6868,1955-06-24,40.959998999999996,1955-06-27,40.990002000000004,3.0,0.03,0.073
6869,1955-06-27,40.990002000000004,1955-06-30,41.029999,3.0,0.04,0.098
6872,1955-06-30,41.029999,1955-07-01,41.189999,1.0,0.16,0.39
6873,1955-07-01,41.189999,1955-07-05,41.689999,4.0,0.5,1.214
6874,1955-07-05,41.689999,1955-07-06,43.18,1.0,1.49,3.574
6875,1955-07-06,43.18,1955-07-25,43.48,19.0,0.3,0.695
6888,1955-07-25,43.48,1955-07-26,43.580002,1.0,0.1,0.23
6889,1955-07-26,43.580002,1955-07-27,43.759997999999996,1.0,0.18,0.413
6890,1955-07-27,43.759997999999996,1955-09-06,43.860001000000004,41.0,0.1,0.229
6918,1955-09-06,43.860001000000004,1955-09-08,43.880001,2.0,0.02,0.046
6920,1955-09-08,43.880001,1955-09-09,43.889998999999996,1.0,0.01,0.023
6921,1955-09-09,43.889998999999996,1955-09-12,44.189999,3.0,0.3,0.684
6922,1955-09-12,44.189999,1955-09-13,44.799999,1.0,0.61,1.38
6923,1955-09-13,44.799999,1955-09-14,44.990002000000004,1.0,0.19,0.424
6924,1955-09-14,44.990002000000004,1955-09-16,45.09,2.0,0.1,0.222
6926,1955-09-16,45.09,1955-09-19,45.16,3.0,0.07,0.155
6927,1955-09-19,45.16,1955-09-21,45.389998999999996,2.0,0.23,0.509
6929,1955-09-21,45.389998999999996,1955-09-22,45.389998999999996,1.0,0.0,0.0
6930,1955-09-22,45.389998999999996,1955-09-23,45.630001,1.0,0.24,0.529
6931,1955-09-23,45.630001,1955-11-14,46.41,52.0,0.78,1.709
6966,1955-11-14,46.41,1956-03-09,46.700001,116.0,0.29,0.625
7046,1956-03-09,46.700001,1956-03-12,47.130001,3.0,0.43,0.921
7047,1956-03-12,47.130001,1956-03-14,47.529999,2.0,0.4,0.849
7049,1956-03-14,47.529999,1956-03-15,47.990002000000004,1.0,0.46,0.968
7050,1956-03-15,47.990002000000004,1956-03-16,48.139998999999996,1.0,0.15,0.313
7051,1956-03-16,48.139998999999996,1956-03-19,48.59,3.0,0.45,0.935
7052,1956-03-19,48.59,1956-03-20,48.869999,1.0,0.28,0.576
7053,1956-03-20,48.869999,1956-07-16,49.139998999999996,118.0,0.27,0.552
7134,1956-07-16,49.139998999999996,1956-07-17,49.310001,1.0,0.17,0.346
7135,1956-07-17,49.310001,1956-07-19,49.32,2.0,0.01,0.02
7137,1956-07-19,49.32,1956-07-20,49.349998,1.0,0.03,0.061
7138,1956-07-20,49.349998,1956-07-25,49.439999,5.0,0.09,0.182
7141,1956-07-25,49.439999,1956-07-26,49.48,1.0,0.04,0.081
7142,1956-07-26,49.48,1956-08-01,49.619999,6.0,0.14,0.283
7146,1956-08-01,49.619999,1956-08-02,49.639998999999996,1.0,0.02,0.04
7147,1956-08-02,49.639998999999996,1956-08-03,49.639998999999996,1.0,0.0,0.0
7148,1956-08-03,49.639998999999996,1958-09-24,49.779999,782.0,0.14,0.282
7687,1958-09-24,49.779999,1958-09-29,49.869999,5.0,0.09,0.181
7690,1958-09-29,49.869999,1958-09-30,50.060001,1.0,0.19,0.381
7691,1958-09-30,50.060001,1958-10-02,50.169998,2.0,0.11,0.22
7693,1958-10-02,50.169998,1958-10-03,50.369999,1.0,0.2,0.399
7694,1958-10-03,50.369999,1958-10-06,51.07,3.0,0.7,1.39
7695,1958-10-06,51.07,1958-10-07,51.07,1.0,0.0,0.0
7696,1958-10-07,51.07,1958-10-10,51.389998999999996,3.0,0.32,0.627
7699,1958-10-10,51.389998999999996,1958-10-13,51.619999,3.0,0.23,0.448
7700,1958-10-13,51.619999,1958-11-05,52.029999,23.0,0.41,0.794
7716,1958-11-05,52.029999,1958-11-06,52.450001,1.0,0.42,0.807
7717,1958-11-06,52.450001,1958-11-10,52.57,4.0,0.12,0.229
7719,1958-11-10,52.57,1958-11-11,52.98,1.0,0.41,0.78
7720,1958-11-11,52.98,1958-11-12,53.049999,1.0,0.07,0.132
7721,1958-11-12,53.049999,1958-11-14,53.09,2.0,0.04,0.075
7723,1958-11-14,53.09,1958-11-17,53.240002000000004,3.0,0.15,0.283
7724,1958-11-17,53.240002000000004,1958-12-10,53.459998999999996,23.0,0.22,0.413
7740,1958-12-10,53.459998999999996,1958-12-16,53.57,6.0,0.11,0.206
7744,1958-12-16,53.57,1958-12-17,53.919998,1.0,0.35,0.653
7745,1958-12-17,53.919998,1958-12-18,54.150002,1.0,0.23,0.427
7746,1958-12-18,54.150002,1958-12-29,54.740002000000004,11.0,0.59,1.09
7751,1958-12-29,54.740002000000004,1958-12-30,54.93,1.0,0.19,0.347
7752,1958-12-30,54.93,1958-12-31,55.209998999999996,1.0,0.28,0.51
7753,1958-12-31,55.209998999999996,1959-01-02,55.439999,2.0,0.23,0.417
7754,1959-01-02,55.439999,1959-01-05,55.66,3.0,0.22,0.397
7755,1959-01-05,55.66,1959-01-09,55.77,4.0,0.11,0.198
7759,1959-01-09,55.77,1959-01-12,55.779999,3.0,0.01,0.018
7760,1959-01-12,55.779999,1959-01-15,55.830002,3.0,0.05,0.09
7763,1959-01-15,55.830002,1959-01-21,56.040001000000004,6.0,0.21,0.376
7767,1959-01-21,56.040001000000004,1959-03-03,56.25,41.0,0.21,0.375
7795,1959-03-03,56.25,1959-03-04,56.349998,1.0,0.1,0.178
7796,1959-03-04,56.349998,1959-03-05,56.43,1.0,0.08,0.142
7797,1959-03-05,56.43,1959-03-12,56.599998,7.0,0.17,0.301
7802,1959-03-12,56.599998,1959-03-13,56.669998,1.0,0.07,0.124
7803,1959-03-13,56.669998,1959-04-14,56.709998999999996,32.0,0.04,0.071
7824,1959-04-14,56.709998999999996,1959-04-15,56.959998999999996,1.0,0.25,0.441
7825,1959-04-15,56.959998999999996,1959-04-16,57.43,1.0,0.47,0.825
7826,1959-04-16,57.43,1959-04-17,57.919998,1.0,0.49,0.853
7827,1959-04-17,57.919998,1959-04-20,58.169998,3.0,0.25,0.432
7828,1959-04-20,58.169998,1959-05-14,58.369999,24.0,0.2,0.344
7846,1959-05-14,58.369999,1959-05-28,58.389998999999996,14.0,0.02,0.034
7856,1959-05-28,58.389998999999996,1959-05-29,58.68,1.0,0.29,0.497
7857,1959-05-29,58.68,1959-07-01,58.970001,33.0,0.29,0.494
7880,1959-07-01,58.970001,1959-07-02,59.279999,1.0,0.31,0.526
7881,1959-07-02,59.279999,1959-07-06,59.650002,4.0,0.37,0.624
7882,1959-07-06,59.650002,1959-07-07,60.009997999999996,1.0,0.36,0.604
7883,1959-07-07,60.009997999999996,1959-07-08,60.029999,1.0,0.02,0.033
7884,1959-07-08,60.029999,1959-07-28,60.32,20.0,0.29,0.483
7898,1959-07-28,60.32,1959-07-29,60.619999,1.0,0.3,0.497
7899,1959-07-29,60.619999,1959-08-03,60.709998999999996,5.0,0.09,0.148
7902,1959-08-03,60.709998999999996,1961-01-27,61.240002000000004,543.0,0.53,0.873
8277,1961-01-27,61.240002000000004,1961-01-30,61.970001,3.0,0.73,1.192
8278,1961-01-30,61.970001,1961-02-02,62.299999,3.0,0.33,0.533
8281,1961-02-02,62.299999,1961-02-16,62.299999,14.0,0.0,0.0
8291,1961-02-16,62.299999,1961-02-20,62.32,4.0,0.02,0.032
8293,1961-02-20,62.32,1961-02-21,62.360001000000004,1.0,0.04,0.064
8294,1961-02-21,62.360001000000004,1961-02-23,62.59,2.0,0.23,0.369
8295,1961-02-23,62.59,1961-02-24,62.84,1.0,0.25,0.399
8296,1961-02-24,62.84,1961-02-27,63.299999,3.0,0.46,0.732
8297,1961-02-27,63.299999,1961-02-28,63.439999,1.0,0.14,0.221
8298,1961-02-28,63.439999,1961-03-02,63.849998,2.0,0.41,0.646
8300,1961-03-02,63.849998,1961-03-03,63.950001,1.0,0.1,0.157
8301,1961-03-03,63.950001,1961-03-06,64.050003,3.0,0.1,0.156
8302,1961-03-06,64.050003,1961-03-16,64.209999,10.0,0.16,0.25
8310,1961-03-16,64.209999,1961-03-20,64.860001,4.0,0.65,1.012
8312,1961-03-20,64.860001,1961-03-29,64.93,9.0,0.07,0.108
8319,1961-03-29,64.93,1961-03-30,65.059998,1.0,0.13,0.2
8320,1961-03-30,65.059998,1961-04-03,65.599998,4.0,0.54,0.83
8321,1961-04-03,65.599998,1961-04-04,65.660004,1.0,0.06,0.091
8322,1961-04-04,65.660004,1961-04-07,65.959999,3.0,0.3,0.457
8325,1961-04-07,65.959999,1961-04-10,66.529999,3.0,0.57,0.864
8326,1961-04-10,66.529999,1961-04-11,66.620003,1.0,0.09,0.135
8327,1961-04-11,66.620003,1961-04-17,68.68,6.0,2.06,3.092
8331,1961-04-17,68.68,1961-11-01,68.730003,198.0,0.05,0.073
8469,1961-11-01,68.730003,1961-11-02,69.110001,1.0,0.38,0.553
8470,1961-11-02,69.110001,1961-11-03,69.470001,1.0,0.36,0.521
8471,1961-11-03,69.470001,1961-11-06,70.010002,3.0,0.54,0.777
8472,1961-11-06,70.010002,1961-11-08,70.870003,2.0,0.86,1.228
8473,1961-11-08,70.870003,1961-11-10,71.07,2.0,0.2,0.282
8475,1961-11-10,71.07,1961-11-13,71.269997,3.0,0.2,0.281
8476,1961-11-13,71.269997,1961-11-14,71.660004,1.0,0.39,0.547
8477,1961-11-14,71.660004,1961-11-15,71.66999799999998,1.0,0.01,0.014
8478,1961-11-15,71.66999799999998,1961-11-20,71.720001,5.0,0.05,0.07
8481,1961-11-20,71.720001,1961-11-21,71.779999,1.0,0.06,0.084
8482,1961-11-21,71.779999,1961-11-24,71.839996,3.0,0.06,0.084
8484,1961-11-24,71.839996,1961-11-27,71.849998,3.0,0.01,0.014
8485,1961-11-27,71.849998,1961-12-04,72.010002,7.0,0.16,0.223
8490,1961-12-04,72.010002,1961-12-08,72.040001,4.0,0.03,0.042
8494,1961-12-08,72.040001,1961-12-11,72.389999,3.0,0.35,0.486
8495,1961-12-11,72.389999,1961-12-12,72.639999,1.0,0.25,0.345
8496,1961-12-12,72.639999,1963-09-03,72.660004,630.0,0.02,0.028
8930,1963-09-03,72.660004,1963-09-05,73.0,2.0,0.34,0.468
8932,1963-09-05,73.0,1963-09-11,73.199997,6.0,0.2,0.274
8936,1963-09-11,73.199997,1963-09-19,73.220001,8.0,0.02,0.027
8942,1963-09-19,73.220001,1963-09-20,73.300003,1.0,0.08,0.109
8943,1963-09-20,73.300003,1963-09-24,73.300003,4.0,0.0,0.0
8945,1963-09-24,73.300003,1963-10-18,73.32,24.0,0.02,0.027
8963,1963-10-18,73.32,1963-10-21,73.379997,3.0,0.06,0.082
8964,1963-10-21,73.379997,1963-10-25,74.010002,4.0,0.63,0.859
8968,1963-10-25,74.010002,1963-10-28,74.480003,3.0,0.47,0.635
8969,1963-10-28,74.480003,1963-12-17,74.739998,50.0,0.26,0.349
9002,1963-12-17,74.739998,1963-12-31,75.019997,14.0,0.28,0.375
9011,1963-12-31,75.019997,1964-01-02,75.43,2.0,0.41,0.547
9012,1964-01-02,75.43,1964-01-03,75.5,1.0,0.07,0.093
9013,1964-01-03,75.5,1964-01-06,75.66999799999998,3.0,0.17,0.225
9014,1964-01-06,75.66999799999998,1964-01-07,75.690002,1.0,0.02,0.026
9015,1964-01-07,75.690002,1964-01-08,76.0,1.0,0.31,0.41
9016,1964-01-08,76.0,1964-01-09,76.279999,1.0,0.28,0.368
9017,1964-01-09,76.279999,1964-01-14,76.360001,5.0,0.08,0.105
9020,1964-01-14,76.360001,1964-01-15,76.639999,1.0,0.28,0.367
9021,1964-01-15,76.639999,1964-01-22,77.029999,7.0,0.39,0.509
9026,1964-01-22,77.029999,1964-01-23,77.089996,1.0,0.06,0.078
9027,1964-01-23,77.089996,1964-01-24,77.110001,1.0,0.02,0.026
9028,1964-01-24,77.110001,1964-02-07,77.18,14.0,0.07,0.091
9038,1964-02-07,77.18,1964-02-11,77.33000200000002,4.0,0.15,0.194
9040,1964-02-11,77.33000200000002,1964-02-12,77.57,1.0,0.24,0.31
9041,1964-02-12,77.57,1964-02-20,77.620003,8.0,0.05,0.064
9047,1964-02-20,77.620003,1964-02-24,77.68,4.0,0.06,0.077
9048,1964-02-24,77.68,1964-02-25,77.68,1.0,0.0,0.0
9049,1964-02-25,77.68,1964-02-26,77.870003,1.0,0.19,0.245
9050,1964-02-26,77.870003,1964-03-02,77.970001,5.0,0.1,0.128
9053,1964-03-02,77.970001,1964-03-03,78.220001,1.0,0.25,0.321
9054,1964-03-03,78.220001,1964-03-06,78.309998,3.0,0.09,0.115
9057,1964-03-06,78.309998,1964-03-09,78.33000200000002,3.0,0.02,0.026
9058,1964-03-09,78.33000200000002,1964-03-10,78.589996,1.0,0.26,0.332
9059,1964-03-10,78.589996,1964-03-11,78.949997,1.0,0.36,0.458
9060,1964-03-11,78.949997,1964-03-12,79.08000200000002,1.0,0.13,0.165
9061,1964-03-12,79.08000200000002,1964-03-13,79.139999,1.0,0.06,0.076
9062,1964-03-13,79.139999,1964-03-16,79.139999,3.0,0.0,0.0
9063,1964-03-16,79.139999,1964-03-17,79.32,1.0,0.18,0.227
9064,1964-03-17,79.32,1964-03-18,79.379997,1.0,0.06,0.076
9065,1964-03-18,79.379997,1964-04-02,79.699997,15.0,0.32,0.403
9075,1964-04-02,79.699997,1964-04-03,79.940002,1.0,0.24,0.301
9076,1964-04-03,79.940002,1964-04-06,80.019997,3.0,0.08,0.1
9077,1964-04-06,80.019997,1964-04-15,80.089996,9.0,0.07,0.087
9084,1964-04-15,80.089996,1964-04-16,80.199997,1.0,0.11,0.137
9085,1964-04-16,80.199997,1964-04-17,80.550003,1.0,0.35,0.436
9086,1964-04-17,80.550003,1964-05-05,80.879997,18.0,0.33,0.41
9098,1964-05-05,80.879997,1964-05-06,81.059998,1.0,0.18,0.223
9099,1964-05-06,81.059998,1964-05-07,81.150002,1.0,0.09,0.111
9100,1964-05-07,81.150002,1964-05-12,81.160004,5.0,0.01,0.012
9103,1964-05-12,81.160004,1964-06-25,81.209999,44.0,0.05,0.062
9134,1964-06-25,81.209999,1964-06-26,81.459999,1.0,0.25,0.308
9135,1964-06-26,81.459999,1964-06-29,81.639999,3.0,0.18,0.221
9136,1964-06-29,81.639999,1964-06-30,81.690002,1.0,0.05,0.061
9137,1964-06-30,81.690002,1964-07-01,82.269997,1.0,0.58,0.71
9138,1964-07-01,82.269997,1964-07-02,82.599998,1.0,0.33,0.401
9139,1964-07-02,82.599998,1964-07-06,82.980003,4.0,0.38,0.46
9140,1964-07-06,82.980003,1964-07-07,83.120003,1.0,0.14,0.169
9141,1964-07-07,83.120003,1964-07-08,83.120003,1.0,0.0,0.0
9142,1964-07-08,83.120003,1964-07-09,83.220001,1.0,0.1,0.12
9143,1964-07-09,83.220001,1964-07-10,83.360001,1.0,0.14,0.168
9144,1964-07-10,83.360001,1964-07-16,83.639999,6.0,0.28,0.336
9148,1964-07-16,83.639999,1964-07-17,84.010002,1.0,0.37,0.442
9149,1964-07-17,84.010002,1964-09-25,84.209999,70.0,0.2,0.238
9198,1964-09-25,84.209999,1964-09-28,84.279999,3.0,0.07,0.083
9199,1964-09-28,84.279999,1964-10-02,84.360001,4.0,0.08,0.095
9203,1964-10-02,84.360001,1964-10-05,84.739998,3.0,0.38,0.45
9204,1964-10-05,84.739998,1964-10-06,84.790001,1.0,0.05,0.059
9205,1964-10-06,84.790001,1964-10-07,84.800003,1.0,0.01,0.012
9206,1964-10-07,84.800003,1964-10-08,85.040001,1.0,0.24,0.283
9207,1964-10-08,85.040001,1964-10-09,85.220001,1.0,0.18,0.212
9208,1964-10-09,85.220001,1964-10-12,85.239998,3.0,0.02,0.023
9209,1964-10-12,85.239998,1964-11-16,85.650002,35.0,0.41,0.481
9233,1964-11-16,85.650002,1964-11-17,86.029999,1.0,0.38,0.444
9234,1964-11-17,86.029999,1964-11-18,86.220001,1.0,0.19,0.221
9235,1964-11-18,86.220001,1964-11-20,86.279999,2.0,0.06,0.07
9237,1964-11-20,86.279999,1965-01-18,86.489998,59.0,0.21,0.243
9275,1965-01-18,86.489998,1965-01-19,86.629997,1.0,0.14,0.162
9276,1965-01-19,86.629997,1965-01-22,86.739998,3.0,0.11,0.127
9279,1965-01-22,86.739998,1965-01-25,86.860001,3.0,0.12,0.138
9280,1965-01-25,86.860001,1965-01-26,86.940002,1.0,0.08,0.092
9281,1965-01-26,86.940002,1965-01-27,87.230003,1.0,0.29,0.334
9282,1965-01-27,87.230003,1965-01-28,87.480003,1.0,0.25,0.287
9283,1965-01-28,87.480003,1965-01-29,87.559998,1.0,0.08,0.091
9284,1965-01-29,87.559998,1965-02-01,87.58000200000002,3.0,0.02,0.023
9285,1965-02-01,87.58000200000002,1965-02-03,87.629997,2.0,0.05,0.057
9287,1965-02-03,87.629997,1965-04-12,87.940002,68.0,0.31,0.354
9334,1965-04-12,87.940002,1965-04-13,88.040001,1.0,0.1,0.114
9335,1965-04-13,88.040001,1965-04-14,88.239998,1.0,0.2,0.227
9336,1965-04-14,88.239998,1965-04-19,88.510002,5.0,0.27,0.306
9338,1965-04-19,88.510002,1965-04-22,88.779999,3.0,0.27,0.305
9341,1965-04-22,88.779999,1965-04-23,88.879997,1.0,0.1,0.113
9342,1965-04-23,88.879997,1965-04-26,88.889999,3.0,0.01,0.011
9343,1965-04-26,88.889999,1965-04-27,89.040001,1.0,0.15,0.169
9344,1965-04-27,89.040001,1965-04-30,89.110001,3.0,0.07,0.079
9347,1965-04-30,89.110001,1965-05-03,89.230003,3.0,0.12,0.135
9348,1965-05-03,89.230003,1965-05-04,89.510002,1.0,0.28,0.314
9349,1965-05-04,89.510002,1965-05-05,89.709999,1.0,0.2,0.223
9350,1965-05-05,89.709999,1965-05-06,89.91999799999998,1.0,0.21,0.234
9351,1965-05-06,89.91999799999998,1965-05-12,89.940002,6.0,0.02,0.022
9355,1965-05-12,89.940002,1965-05-13,90.269997,1.0,0.33,0.367
9356,1965-05-13,90.269997,1965-09-27,90.650002,137.0,0.38,0.421
9450,1965-09-27,90.650002,1965-10-08,90.849998,11.0,0.2,0.221
9459,1965-10-08,90.849998,1965-10-11,91.370003,3.0,0.52,0.572
9460,1965-10-11,91.370003,1965-10-15,91.379997,4.0,0.01,0.011
9464,1965-10-15,91.379997,1965-10-18,91.68,3.0,0.3,0.328
9465,1965-10-18,91.68,1965-10-19,91.800003,1.0,0.12,0.131
9466,1965-10-19,91.800003,1965-10-21,91.940002,2.0,0.14,0.153
9468,1965-10-21,91.940002,1965-10-22,91.980003,1.0,0.04,0.044
9469,1965-10-22,91.980003,1965-10-26,92.199997,4.0,0.22,0.239
9471,1965-10-26,92.199997,1965-10-27,92.510002,1.0,0.31,0.336
9472,1965-10-27,92.510002,1965-11-12,92.550003,16.0,0.04,0.043
9483,1965-11-12,92.550003,1965-11-15,92.629997,3.0,0.08,0.086
9484,1965-11-15,92.629997,1966-01-05,92.849998,51.0,0.22,0.238
9519,1966-01-05,92.849998,1966-01-06,93.059998,1.0,0.21,0.226
9520,1966-01-06,93.059998,1966-01-07,93.139999,1.0,0.08,0.086
9521,1966-01-07,93.139999,1966-01-10,93.33000200000001,3.0,0.19,0.204
9522,1966-01-10,93.33000200000001,1966-01-11,93.410004,1.0,0.08,0.086
9523,1966-01-11,93.410004,1966-01-14,93.5,3.0,0.09,0.096
9526,1966-01-14,93.5,1966-01-17,93.769997,3.0,0.27,0.289
9527,1966-01-17,93.769997,1966-01-18,93.949997,1.0,0.18,0.192
9528,1966-01-18,93.949997,1966-02-09,94.059998,22.0,0.11,0.117
9544,1966-02-09,94.059998,1967-05-04,94.32,449.0,0.26,0.276
9854,1967-05-04,94.32,1967-05-05,94.440002,1.0,0.12,0.127
9855,1967-05-05,94.440002,1967-05-08,94.58000200000001,3.0,0.14,0.148
9856,1967-05-08,94.58000200000001,1967-07-31,94.75,84.0,0.17,0.18
9914,1967-07-31,94.75,1967-08-01,95.370003,1.0,0.62,0.654
9915,1967-08-01,95.370003,1967-08-02,95.779999,1.0,0.41,0.43
9916,1967-08-02,95.779999,1967-08-04,95.83000200000001,2.0,0.05,0.052
9918,1967-08-04,95.83000200000001,1967-09-13,95.989998,40.0,0.16,0.167
9945,1967-09-13,95.989998,1967-09-14,96.199997,1.0,0.21,0.219
9946,1967-09-14,96.199997,1967-09-15,96.269997,1.0,0.07,0.073
9947,1967-09-15,96.269997,1967-09-18,96.529999,3.0,0.26,0.27
9948,1967-09-18,96.529999,1967-09-21,96.75,3.0,0.22,0.228
9951,1967-09-21,96.75,1967-09-22,97.0,1.0,0.25,0.258
9952,1967-09-22,97.0,1967-09-25,97.589996,3.0,0.59,0.608
9953,1967-09-25,97.589996,1968-04-29,97.970001,217.0,0.38,0.389
10100,1968-04-29,97.970001,1968-05-01,97.970001,2.0,0.0,0.0
10102,1968-05-01,97.970001,1968-05-02,98.589996,1.0,0.62,0.633
10103,1968-05-02,98.589996,1968-05-03,98.660004,1.0,0.07,0.071
10104,1968-05-03,98.660004,1968-05-07,98.900002,4.0,0.24,0.243
10106,1968-05-07,98.900002,1968-05-08,98.910004,1.0,0.01,0.01
10107,1968-05-08,98.910004,1968-06-03,99.989998,26.0,1.08,1.092
10124,1968-06-03,99.989998,1968-06-04,100.379997,1.0,0.39,0.39
10125,1968-06-04,100.379997,1968-06-06,100.650002,2.0,0.27,0.269
10127,1968-06-06,100.650002,1968-06-07,101.269997,1.0,0.62,0.616
10128,1968-06-07,101.269997,1968-06-10,101.410004,3.0,0.14,0.138
10129,1968-06-10,101.410004,1968-06-11,101.660004,1.0,0.25,0.247
10130,1968-06-11,101.660004,1968-07-08,101.940002,27.0,0.28,0.275
10144,1968-07-08,101.940002,1968-07-09,102.230003,1.0,0.29,0.284
10145,1968-07-09,102.230003,1968-07-11,102.389999,2.0,0.16,0.157
10146,1968-07-11,102.389999,1968-09-24,102.589996,75.0,0.2,0.195
10189,1968-09-24,102.589996,1968-09-30,102.66999799999999,6.0,0.08,0.078
10192,1968-09-30,102.66999799999999,1968-10-01,102.860001,1.0,0.19,0.185
10193,1968-10-01,102.860001,1968-10-03,103.220001,2.0,0.36,0.35
10194,1968-10-03,103.220001,1968-10-04,103.709999,1.0,0.49,0.475
10195,1968-10-04,103.709999,1968-10-08,103.739998,4.0,0.03,0.029
10197,1968-10-08,103.739998,1968-10-17,104.010002,9.0,0.27,0.26
10202,1968-10-17,104.010002,1968-10-18,104.82,1.0,0.81,0.779
10203,1968-10-18,104.82,1968-10-21,104.989998,3.0,0.17,0.162
10204,1968-10-21,104.989998,1968-11-13,105.129997,23.0,0.14,0.133
10217,1968-11-13,105.129997,1968-11-14,105.199997,1.0,0.07,0.067
10218,1968-11-14,105.199997,1968-11-15,105.779999,1.0,0.58,0.551
10219,1968-11-15,105.779999,1968-11-18,105.91999799999999,3.0,0.14,0.132
10220,1968-11-18,105.91999799999999,1968-11-19,106.139999,1.0,0.22,0.208
10221,1968-11-19,106.139999,1968-11-22,106.300003,3.0,0.16,0.151
10223,1968-11-22,106.300003,1968-11-25,106.480003,3.0,0.18,0.169
10224,1968-11-25,106.480003,1968-11-26,107.260002,1.0,0.78,0.733
10225,1968-11-26,107.260002,1968-11-27,107.760002,1.0,0.5,0.466
10226,1968-11-27,107.760002,1968-11-29,108.370003,2.0,0.61,0.566
10227,1968-11-29,108.370003,1972-03-06,108.769997,1193.0,0.4,0.369
11047,1972-03-06,108.769997,1972-03-07,108.870003,1.0,0.1,0.092
11048,1972-03-07,108.870003,1972-03-08,108.959999,1.0,0.09,0.083
11049,1972-03-08,108.959999,1972-04-05,109.0,28.0,0.04,0.037
11068,1972-04-05,109.0,1972-04-06,109.529999,1.0,0.53,0.486
11069,1972-04-06,109.529999,1972-04-07,109.620003,1.0,0.09,0.082
11070,1972-04-07,109.620003,1972-04-11,109.760002,4.0,0.14,0.128
11072,1972-04-11,109.760002,1972-04-12,110.18,1.0,0.42,0.383
11073,1972-04-12,110.18,1972-05-24,110.309998,42.0,0.13,0.118
11103,1972-05-24,110.309998,1972-05-25,110.459999,1.0,0.15,0.136
11104,1972-05-25,110.459999,1972-05-26,110.660004,1.0,0.2,0.181
11105,1972-05-26,110.660004,1972-08-08,110.690002,74.0,0.03,0.027
11155,1972-08-08,110.690002,1972-08-09,110.860001,1.0,0.17,0.154
11156,1972-08-09,110.860001,1972-08-10,111.050003,1.0,0.19,0.171
11157,1972-08-10,111.050003,1972-08-11,111.949997,1.0,0.9,0.81
11158,1972-08-11,111.949997,1972-08-14,112.550003,3.0,0.6,0.536
11159,1972-08-14,112.550003,1972-11-01,112.66999799999999,79.0,0.12,0.107
11215,1972-11-01,112.66999799999999,1972-11-02,113.230003,1.0,0.56,0.497
11216,1972-11-02,113.230003,1972-11-03,114.220001,1.0,0.99,0.874
11217,1972-11-03,114.220001,1972-11-14,114.949997,11.0,0.73,0.639
11223,1972-11-14,114.949997,1972-11-16,115.129997,2.0,0.18,0.157
11225,1972-11-16,115.129997,1972-11-17,115.489998,1.0,0.36,0.313
11226,1972-11-17,115.489998,1972-11-20,115.529999,3.0,0.04,0.035
11227,1972-11-20,115.529999,1972-11-21,116.209999,1.0,0.68,0.589
11228,1972-11-21,116.209999,1972-11-22,116.900002,1.0,0.69,0.594
11229,1972-11-22,116.900002,1972-11-24,117.269997,2.0,0.37,0.317
11230,1972-11-24,117.269997,1972-12-01,117.379997,7.0,0.11,0.094
11235,1972-12-01,117.379997,1972-12-04,117.769997,3.0,0.39,0.332
11236,1972-12-04,117.769997,1972-12-06,118.010002,2.0,0.24,0.204
11238,1972-12-06,118.010002,1972-12-07,118.599998,1.0,0.59,0.5
11239,1972-12-07,118.599998,1972-12-08,118.860001,1.0,0.26,0.219
11240,1972-12-08,118.860001,1972-12-11,119.120003,3.0,0.26,0.219
11241,1972-12-11,119.120003,1973-01-03,119.57,23.0,0.45,0.378
11255,1973-01-03,119.57,1973-01-05,119.870003,2.0,0.3,0.251
11257,1973-01-05,119.870003,1973-01-11,120.239998,6.0,0.37,0.309
11261,1973-01-11,120.239998,1980-07-17,121.440002,2744.0,1.2,0.998
13159,1980-07-17,121.440002,1980-07-18,122.040001,1.0,0.6,0.494
13160,1980-07-18,122.040001,1980-07-21,122.510002,3.0,0.47,0.385
13161,1980-07-21,122.510002,1980-08-07,123.300003,17.0,0.79,0.645
13174,1980-08-07,123.300003,1980-08-08,123.610001,1.0,0.31,0.251
13175,1980-08-08,123.610001,1980-08-11,124.779999,3.0,1.17,0.947
13176,1980-08-11,124.779999,1980-08-14,125.25,3.0,0.47,0.377
13179,1980-08-14,125.25,1980-08-15,125.720001,1.0,0.47,0.375
13180,1980-08-15,125.720001,1980-08-22,126.019997,7.0,0.3,0.239
13185,1980-08-22,126.019997,1980-09-03,126.120003,12.0,0.1,0.079
13192,1980-09-03,126.120003,1980-09-16,126.739998,13.0,0.62,0.492
13201,1980-09-16,126.739998,1980-09-17,128.869995,1.0,2.13,1.681
13202,1980-09-17,128.869995,1980-09-19,129.25,2.0,0.38,0.295
13204,1980-09-19,129.25,1980-09-22,130.399994,3.0,1.15,0.89
13205,1980-09-22,130.399994,1980-10-06,131.729996,14.0,1.33,1.02
13215,1980-10-06,131.729996,1980-10-13,132.029999,7.0,0.3,0.228
13220,1980-10-13,132.029999,1980-10-15,133.699997,2.0,1.67,1.265
13222,1980-10-15,133.699997,1980-11-12,134.58999599999999,28.0,0.89,0.666
13241,1980-11-12,134.58999599999999,1980-11-13,136.490005,1.0,1.9,1.412
13242,1980-11-13,136.490005,1980-11-14,137.149994,1.0,0.66,0.484
13243,1980-11-14,137.149994,1980-11-17,137.75,3.0,0.6,0.437
13244,1980-11-17,137.75,1980-11-18,139.699997,1.0,1.95,1.416
13245,1980-11-18,139.699997,1980-11-20,140.399994,2.0,0.7,0.501
13247,1980-11-20,140.399994,1980-11-28,140.520004,8.0,0.12,0.085
13252,1980-11-28,140.520004,1982-11-03,142.869995,705.0,2.35,1.672
13740,1982-11-03,142.869995,1982-11-09,143.020004,6.0,0.15,0.105
13744,1982-11-09,143.020004,1983-01-06,145.270004,58.0,2.25,1.573
13784,1983-01-06,145.270004,1983-01-10,146.779999,4.0,1.51,1.039
13786,1983-01-10,146.779999,1983-02-07,146.929993,28.0,0.15,0.102
13806,1983-02-07,146.929993,1983-02-10,147.5,3.0,0.57,0.388
13809,1983-02-10,147.5,1983-02-11,147.649994,1.0,0.15,0.102
13810,1983-02-11,147.649994,1983-02-14,148.929993,3.0,1.28,0.867
13811,1983-02-14,148.929993,1983-02-24,149.600006,10.0,0.67,0.45
13818,1983-02-24,149.600006,1983-02-25,149.740005,1.0,0.14,0.094
13819,1983-02-25,149.740005,1983-03-01,150.880005,4.0,1.14,0.761
13821,1983-03-01,150.880005,1983-03-02,152.300003,1.0,1.42,0.941
13822,1983-03-02,152.300003,1983-03-03,153.479996,1.0,1.18,0.775
13823,1983-03-03,153.479996,1983-03-04,153.669998,1.0,0.19,0.124
13824,1983-03-04,153.669998,1983-03-07,153.669998,3.0,0.0,0.0
13825,1983-03-07,153.669998,1983-04-11,155.139999,35.0,1.47,0.957
13849,1983-04-11,155.139999,1983-04-12,155.820007,1.0,0.68,0.438
13850,1983-04-12,155.820007,1983-04-13,156.770004,1.0,0.95,0.61
13851,1983-04-13,156.770004,1983-04-14,158.119995,1.0,1.35,0.861
13852,1983-04-14,158.119995,1983-04-15,158.75,1.0,0.63,0.398
13853,1983-04-15,158.75,1983-04-18,159.740005,3.0,0.99,0.624
13854,1983-04-18,159.740005,1983-04-20,160.71000700000005,2.0,0.97,0.607
13856,1983-04-20,160.71000700000005,1983-04-26,161.809998,6.0,1.1,0.684
13860,1983-04-26,161.809998,1983-04-28,162.949997,2.0,1.14,0.705
13862,1983-04-28,162.949997,1983-04-29,164.429993,1.0,1.48,0.908
13863,1983-04-29,164.429993,1983-05-06,166.100006,7.0,1.67,1.016
13868,1983-05-06,166.100006,1983-05-25,166.21000700000005,19.0,0.11,0.066
13881,1983-05-25,166.21000700000005,1983-06-15,167.119995,21.0,0.91,0.547
13895,1983-06-15,167.119995,1983-06-16,169.139999,1.0,2.02,1.209
13896,1983-06-16,169.139999,1983-06-21,170.529999,5.0,1.39,0.822
13899,1983-06-21,170.529999,1983-06-22,170.990005,1.0,0.46,0.27
13900,1983-06-22,170.990005,1983-10-10,172.649994,110.0,1.66,0.971
13976,1983-10-10,172.649994,1985-01-21,175.229996,469.0,2.58,1.494
14300,1985-01-21,175.229996,1985-01-22,175.479996,1.0,0.25,0.143
14301,1985-01-22,175.479996,1985-01-23,177.300003,1.0,1.82,1.037
14302,1985-01-23,177.300003,1985-01-25,177.350006,2.0,0.05,0.028
14304,1985-01-25,177.350006,1985-01-28,177.399994,3.0,0.05,0.028
14305,1985-01-28,177.399994,1985-01-29,179.179993,1.0,1.78,1.003
14306,1985-01-29,179.179993,1985-01-30,179.389999,1.0,0.21,0.117
14307,1985-01-30,179.389999,1985-01-31,179.630005,1.0,0.24,0.134
14308,1985-01-31,179.630005,1985-02-04,180.350006,4.0,0.72,0.401
14310,1985-02-04,180.350006,1985-02-05,180.610001,1.0,0.26,0.144
14311,1985-02-05,180.610001,1985-02-07,181.820007,2.0,1.21,0.67
14313,1985-02-07,181.820007,1985-02-08,182.190002,1.0,0.37,0.203
14314,1985-02-08,182.190002,1985-02-13,183.350006,5.0,1.16,0.637
14317,1985-02-13,183.350006,1985-04-25,183.429993,71.0,0.08,0.044
14366,1985-04-25,183.429993,1985-05-10,184.279999,15.0,0.85,0.463
14377,1985-05-10,184.279999,1985-05-13,184.610001,3.0,0.33,0.179
14378,1985-05-13,184.610001,1985-05-16,185.66000400000001,3.0,1.05,0.569
14381,1985-05-16,185.66000400000001,1985-05-17,187.419998,1.0,1.76,0.948
14382,1985-05-17,187.419998,1985-05-20,189.720001,3.0,2.3,1.227
14383,1985-05-20,189.720001,1985-06-04,190.03999299999998,15.0,0.32,0.169
14393,1985-06-04,190.03999299999998,1985-06-05,190.16000400000001,1.0,0.12,0.063
14394,1985-06-05,190.16000400000001,1985-06-06,191.059998,1.0,0.9,0.473
14395,1985-06-06,191.059998,1985-06-27,191.229996,21.0,0.17,0.089
14410,1985-06-27,191.229996,1985-06-28,191.850006,1.0,0.62,0.324
14411,1985-06-28,191.850006,1985-07-01,192.429993,3.0,0.58,0.302
14412,1985-07-01,192.429993,1985-07-05,192.520004,4.0,0.09,0.047
14415,1985-07-05,192.520004,1985-07-11,192.940002,6.0,0.42,0.218
14419,1985-07-11,192.940002,1985-07-12,193.28999299999998,1.0,0.35,0.181
14420,1985-07-12,193.28999299999998,1985-07-16,194.720001,4.0,1.43,0.74
14422,1985-07-16,194.720001,1985-07-17,195.649994,1.0,0.93,0.478
14423,1985-07-17,195.649994,1985-11-11,197.279999,117.0,1.63,0.833
14504,1985-11-11,197.279999,1985-11-12,198.080002,1.0,0.8,0.406
14505,1985-11-12,198.080002,1985-11-14,199.059998,2.0,0.98,0.495
14507,1985-11-14,199.059998,1985-11-21,201.41000400000001,7.0,2.35,1.181
14512,1985-11-21,201.41000400000001,1985-11-22,201.520004,1.0,0.11,0.055
14513,1985-11-22,201.520004,1985-11-27,202.53999299999998,5.0,1.02,0.506
14516,1985-11-27,202.53999299999998,1985-12-04,204.229996,7.0,1.69,0.834
14520,1985-12-04,204.229996,1985-12-09,204.25,5.0,0.02,0.01
14523,1985-12-09,204.25,1985-12-10,204.389999,1.0,0.14,0.069
14524,1985-12-10,204.389999,1985-12-11,206.309998,1.0,1.92,0.939
14525,1985-12-11,206.309998,1985-12-12,206.729996,1.0,0.42,0.204
14526,1985-12-12,206.729996,1985-12-13,209.940002,1.0,3.21,1.553
14527,1985-12-13,209.940002,1985-12-16,212.020004,3.0,2.08,0.991
14528,1985-12-16,212.020004,1986-01-07,213.80000299999998,22.0,1.78,0.84
14542,1986-01-07,213.80000299999998,1986-02-03,213.960007,27.0,0.16,0.075
14561,1986-02-03,213.960007,1986-02-07,214.559998,4.0,0.6,0.28
14565,1986-02-07,214.559998,1986-02-10,216.24000499999997,3.0,1.68,0.783
14566,1986-02-10,216.24000499999997,1986-02-13,217.399994,3.0,1.16,0.536
14569,1986-02-13,217.399994,1986-02-14,219.75999500000003,1.0,2.36,1.086
14570,1986-02-14,219.75999500000003,1986-02-18,222.44999700000002,4.0,2.69,1.224
14571,1986-02-18,222.44999700000002,1986-02-21,224.61999500000002,3.0,2.17,0.975
14574,1986-02-21,224.61999500000002,1986-02-27,226.770004,6.0,2.15,0.957
14578,1986-02-27,226.770004,1986-02-28,226.919998,1.0,0.15,0.066
14579,1986-02-28,226.919998,1986-03-11,231.690002,11.0,4.77,2.102
14586,1986-03-11,231.690002,1986-03-12,232.539993,1.0,0.85,0.367
14587,1986-03-12,232.539993,1986-03-13,233.190002,1.0,0.65,0.28
14588,1986-03-13,233.190002,1986-03-14,236.55000299999998,1.0,3.36,1.441
14589,1986-03-14,236.55000299999998,1986-03-26,237.30000299999998,12.0,0.75,0.317
14597,1986-03-26,237.30000299999998,1986-03-27,238.97000099999997,1.0,1.67,0.704
14598,1986-03-27,238.97000099999997,1986-04-16,242.22000099999997,20.0,3.25,1.36
14611,1986-04-16,242.22000099999997,1986-04-17,243.02999900000003,1.0,0.81,0.334
14612,1986-04-17,243.02999900000003,1986-04-21,244.74000499999997,4.0,1.71,0.704
14614,1986-04-21,244.74000499999997,1986-05-27,244.75,36.0,0.01,0.004
14639,1986-05-27,244.75,1986-05-28,246.63000499999998,1.0,1.88,0.768
14640,1986-05-28,246.63000499999998,1986-05-29,247.979996,1.0,1.35,0.547
14641,1986-05-29,247.979996,1986-06-25,248.92999300000002,27.0,0.95,0.383
14660,1986-06-25,248.92999300000002,1986-06-27,249.600006,2.0,0.67,0.269
14662,1986-06-27,249.600006,1986-06-30,250.83999599999999,3.0,1.24,0.497
14663,1986-06-30,250.83999599999999,1986-07-01,252.039993,1.0,1.2,0.478
14664,1986-07-01,252.039993,1986-07-02,252.69999700000002,1.0,0.66,0.262
14665,1986-07-02,252.69999700000002,1986-08-26,252.83999599999999,55.0,0.14,0.055
14703,1986-08-26,252.83999599999999,1986-08-27,253.30000299999998,1.0,0.46,0.182
14704,1986-08-27,253.30000299999998,1986-09-04,253.830002,8.0,0.53,0.209
14709,1986-09-04,253.830002,1986-12-02,254.0,89.0,0.17,0.067
14771,1986-12-02,254.0,1987-01-07,255.330002,36.0,1.33,0.524
14795,1987-01-07,255.330002,1987-01-08,257.27999900000003,1.0,1.95,0.764
14796,1987-01-08,257.27999900000003,1987-01-09,258.730011,1.0,1.45,0.564
14797,1987-01-09,258.730011,1987-01-12,260.299988,3.0,1.57,0.607
14798,1987-01-12,260.299988,1987-01-14,262.640015,2.0,2.34,0.899
14800,1987-01-14,262.640015,1987-01-15,265.48999,1.0,2.85,1.085
14801,1987-01-15,265.48999,1987-01-16,266.27999900000003,1.0,0.79,0.298
14802,1987-01-16,266.27999900000003,1987-01-19,269.339996,3.0,3.06,1.149
14803,1987-01-19,269.339996,1987-01-22,273.910004,3.0,4.57,1.697
14806,1987-01-22,273.910004,1987-01-28,275.399994,6.0,1.49,0.544
14810,1987-01-28,275.399994,1987-02-02,276.450012,5.0,1.05,0.381
14813,1987-02-02,276.450012,1987-02-04,279.640015,2.0,3.19,1.154
14815,1987-02-04,279.640015,1987-02-05,281.160004,1.0,1.52,0.544
14816,1987-02-05,281.160004,1987-02-17,285.48999,12.0,4.33,1.54
14823,1987-02-17,285.48999,1987-02-19,285.570007,2.0,0.08,0.028
14825,1987-02-19,285.570007,1987-03-04,288.619995,13.0,3.05,1.068
14834,1987-03-04,288.619995,1987-03-05,290.519989,1.0,1.9,0.658
14835,1987-03-05,290.519989,1987-03-06,290.660004,1.0,0.14,0.048
14836,1987-03-06,290.660004,1987-03-10,290.859985,4.0,0.2,0.069
14838,1987-03-10,290.859985,1987-03-12,291.22000099999997,2.0,0.36,0.124
14840,1987-03-12,291.22000099999997,1987-03-17,292.47000099999997,5.0,1.25,0.429
14843,1987-03-17,292.47000099999997,1987-03-18,292.7799990000001,1.0,0.31,0.106
14844,1987-03-18,292.7799990000001,1987-03-19,294.079987,1.0,1.3,0.444
14845,1987-03-19,294.079987,1987-03-20,298.170013,1.0,4.09,1.391
14846,1987-03-20,298.170013,1987-03-23,301.160004,3.0,2.99,1.003
14847,1987-03-23,301.160004,1987-03-24,301.640015,1.0,0.48,0.159
14848,1987-03-24,301.640015,1987-04-06,301.950012,13.0,0.31,0.103
14857,1987-04-06,301.950012,1987-06-15,303.140015,70.0,1.19,0.394
14905,1987-06-15,303.140015,1987-06-16,304.76001,1.0,1.62,0.534
14906,1987-06-16,304.76001,1987-06-17,304.809998,1.0,0.05,0.016
14907,1987-06-17,304.809998,1987-06-18,305.690002,1.0,0.88,0.289
14908,1987-06-18,305.690002,1987-06-19,306.97000099999997,1.0,1.28,0.419
14909,1987-06-19,306.97000099999997,1987-06-22,309.649994,3.0,2.68,0.873
14910,1987-06-22,309.649994,1987-07-14,310.679993,22.0,1.03,0.333
14925,1987-07-14,310.679993,1987-07-16,312.700012,2.0,2.02,0.65
14927,1987-07-16,312.700012,1987-07-17,314.589996,1.0,1.89,0.604
14928,1987-07-17,314.589996,1987-07-29,315.649994,12.0,1.06,0.337
14936,1987-07-29,315.649994,1987-07-30,318.049988,1.0,2.4,0.76
14937,1987-07-30,318.049988,1987-07-31,318.660004,1.0,0.61,0.192
14938,1987-07-31,318.660004,1987-08-06,322.089996,6.0,3.43,1.076
14942,1987-08-06,322.089996,1987-08-07,323.0,1.0,0.91,0.283
14943,1987-08-07,323.0,1987-08-10,328.0,3.0,5.0,1.548
14944,1987-08-10,328.0,1987-08-11,333.329987,1.0,5.33,1.625
14945,1987-08-11,333.329987,1987-08-13,334.649994,2.0,1.32,0.396
14947,1987-08-13,334.649994,1987-08-20,334.839996,7.0,0.19,0.057
14952,1987-08-20,334.839996,1987-08-21,335.899994,1.0,1.06,0.317
14953,1987-08-21,335.899994,1987-08-25,336.769989,4.0,0.87,0.259
14955,1987-08-25,336.769989,1989-07-26,338.049988,701.0,1.28,0.38
15440,1989-07-26,338.049988,1989-07-27,341.98999,1.0,3.94,1.166
15441,1989-07-27,341.98999,1989-07-28,342.149994,1.0,0.16,0.047
15442,1989-07-28,342.149994,1989-07-31,346.079987,3.0,3.93,1.149
15443,1989-07-31,346.079987,1989-08-07,349.410004,7.0,3.33,0.962
15448,1989-08-07,349.410004,1989-08-24,351.519989,17.0,2.11,0.604
15461,1989-08-24,351.519989,1989-08-28,352.089996,4.0,0.57,0.162
15463,1989-08-28,352.089996,1989-09-01,353.730011,4.0,1.64,0.466
15467,1989-09-01,353.730011,1989-10-03,354.709991,32.0,0.98,0.277
15488,1989-10-03,354.709991,1989-10-04,356.940002,1.0,2.23,0.629
15489,1989-10-04,356.940002,1989-10-05,356.97000099999997,1.0,0.03,0.008
15490,1989-10-05,356.97000099999997,1989-10-06,358.77999900000015,1.0,1.81,0.507
15491,1989-10-06,358.77999900000015,1989-10-09,359.799988,3.0,1.02,0.284
15492,1989-10-09,359.799988,1990-05-29,360.649994,232.0,0.85,0.236
15652,1990-05-29,360.649994,1990-05-30,360.859985,1.0,0.21,0.058
15653,1990-05-30,360.859985,1990-05-31,361.230011,1.0,0.37,0.103
15654,1990-05-31,361.230011,1990-06-01,363.160004,1.0,1.93,0.534
15655,1990-06-01,363.160004,1990-06-04,367.399994,3.0,4.24,1.168
15656,1990-06-04,367.399994,1990-07-16,368.950012,42.0,1.55,0.422
15685,1990-07-16,368.950012,1991-02-13,369.019989,212.0,0.07,0.019
15833,1991-02-13,369.019989,1991-02-15,369.059998,2.0,0.04,0.011
15835,1991-02-15,369.059998,1991-02-19,369.390015,4.0,0.33,0.089
15836,1991-02-19,369.390015,1991-03-01,370.47000099999997,10.0,1.08,0.292
15844,1991-03-01,370.47000099999997,1991-03-05,376.72000099999997,4.0,6.25,1.687
15846,1991-03-05,376.72000099999997,1991-04-02,379.5,28.0,2.78,0.738
15865,1991-04-02,379.5,1991-04-04,379.769989,2.0,0.27,0.071
15867,1991-04-04,379.769989,1991-04-12,380.399994,8.0,0.63,0.166
15873,1991-04-12,380.399994,1991-04-15,381.190002,3.0,0.79,0.208
15874,1991-04-15,381.190002,1991-04-16,387.619995,1.0,6.43,1.687
15875,1991-04-16,387.619995,1991-04-17,390.450012,1.0,2.83,0.73
15876,1991-04-17,390.450012,1991-08-06,390.619995,111.0,0.17,0.044
15953,1991-08-06,390.619995,1991-08-22,391.329987,16.0,0.71,0.182
15965,1991-08-22,391.329987,1991-08-23,394.170013,1.0,2.84,0.726
15966,1991-08-23,394.170013,1991-08-28,396.640015,5.0,2.47,0.627
15969,1991-08-28,396.640015,1991-11-12,396.73999,76.0,0.1,0.025
16022,1991-11-12,396.73999,1991-11-13,397.410004,1.0,0.67,0.169
16023,1991-11-13,397.410004,1991-12-24,399.329987,41.0,1.92,0.483
16051,1991-12-24,399.329987,1991-12-26,404.839996,2.0,5.51,1.38
16052,1991-12-26,404.839996,1991-12-27,406.459991,1.0,1.62,0.4
16053,1991-12-27,406.459991,1991-12-30,415.140015,3.0,8.68,2.136
16054,1991-12-30,415.140015,1991-12-31,417.089996,1.0,1.95,0.47
16055,1991-12-31,417.089996,1992-01-02,417.26001,2.0,0.17,0.041
16056,1992-01-02,417.26001,1992-01-03,419.339996,1.0,2.08,0.498
16057,1992-01-03,419.339996,1992-01-14,420.44000199999994,11.0,1.1,0.262
16064,1992-01-14,420.44000199999994,1992-01-15,420.76998899999995,1.0,0.33,0.078
16065,1992-01-15,420.76998899999995,1992-07-29,422.23001100000016,196.0,1.46,0.347
16201,1992-07-29,422.23001100000016,1992-07-30,423.920013,1.0,1.69,0.4
16202,1992-07-30,423.920013,1992-07-31,424.209991,1.0,0.29,0.068
16203,1992-07-31,424.209991,1992-08-03,425.089996,3.0,0.88,0.207
16204,1992-08-03,425.089996,1992-09-14,425.26998899999995,42.0,0.18,0.042
16233,1992-09-14,425.26998899999995,1992-11-20,426.64999400000005,67.0,1.38,0.325
16282,1992-11-20,426.64999400000005,1992-11-24,427.589996,4.0,0.94,0.22
16284,1992-11-24,427.589996,1992-11-25,429.19000199999994,1.0,1.6,0.374
16285,1992-11-25,429.19000199999994,1992-11-27,430.160004,2.0,0.97,0.226
16286,1992-11-27,430.160004,1992-11-30,431.35000599999995,3.0,1.19,0.277
16287,1992-11-30,431.35000599999995,1992-12-04,432.05999800000006,4.0,0.71,0.165
16291,1992-12-04,432.05999800000006,1992-12-07,435.30999800000006,3.0,3.25,0.752
16292,1992-12-07,435.30999800000006,1992-12-08,436.98999000000003,1.0,1.68,0.386
16293,1992-12-08,436.98999000000003,1992-12-18,441.27999900000003,10.0,4.29,0.982
16301,1992-12-18,441.27999900000003,1993-02-01,442.51998899999995,45.0,1.24,0.281
16330,1993-02-01,442.51998899999995,1993-02-02,442.549988,1.0,0.03,0.007
16331,1993-02-02,442.549988,1993-02-03,447.200012,1.0,4.65,1.051
16332,1993-02-03,447.200012,1993-02-04,449.55999800000006,1.0,2.36,0.528
16333,1993-02-04,449.55999800000006,1993-03-08,454.709991,32.0,5.15,1.146
16354,1993-03-08,454.709991,1993-03-10,456.329987,2.0,1.62,0.356
16356,1993-03-10,456.329987,1993-08-19,456.42999299999997,162.0,0.1,0.022
16469,1993-08-19,456.42999299999997,1993-08-24,459.76998899999995,5.0,3.34,0.732
16472,1993-08-24,459.76998899999995,1993-08-25,460.130005,1.0,0.36,0.078
16473,1993-08-25,460.130005,1993-08-26,461.040009,1.0,0.91,0.198
16474,1993-08-26,461.040009,1993-08-30,461.89999400000005,4.0,0.86,0.187
16476,1993-08-30,461.89999400000005,1993-08-31,463.55999800000006,1.0,1.66,0.359
16477,1993-08-31,463.55999800000006,1993-10-14,466.829987,44.0,3.27,0.705
16508,1993-10-14,466.829987,1993-10-15,469.5,1.0,2.67,0.572
16509,1993-10-15,469.5,1993-12-27,470.540009,73.0,1.04,0.222
16558,1993-12-27,470.540009,1993-12-28,470.94000199999994,1.0,0.4,0.085
16559,1993-12-28,470.94000199999994,1994-01-10,475.26998899999995,13.0,4.33,0.919
16568,1994-01-10,475.26998899999995,1994-01-27,477.049988,17.0,1.78,0.375
16581,1994-01-27,477.049988,1994-01-28,478.700012,1.0,1.65,0.346
16582,1994-01-28,478.700012,1994-01-31,481.60998499999994,3.0,2.91,0.608
16583,1994-01-31,481.60998499999994,1994-02-02,482.0,2.0,0.39,0.081
16585,1994-02-02,482.0,1995-02-14,482.549988,377.0,0.55,0.114
16845,1995-02-14,482.549988,1995-02-15,484.540009,1.0,1.99,0.412
16846,1995-02-15,484.540009,1995-02-16,485.22000099999997,1.0,0.68,0.14
16847,1995-02-16,485.22000099999997,1995-02-23,486.910004,7.0,1.69,0.348
16851,1995-02-23,486.910004,1995-02-24,488.10998499999994,1.0,1.2,0.246
16852,1995-02-24,488.10998499999994,1995-03-10,489.57000700000003,14.0,1.46,0.299
16862,1995-03-10,489.57000700000003,1995-03-13,490.049988,3.0,0.48,0.098
16863,1995-03-13,490.049988,1995-03-14,492.89001500000006,1.0,2.84,0.58
16864,1995-03-14,492.89001500000006,1995-03-16,495.410004,2.0,2.52,0.511
16866,1995-03-16,495.410004,1995-03-17,495.51998899999995,1.0,0.11,0.022
16867,1995-03-17,495.51998899999995,1995-03-20,496.14001500000006,3.0,0.62,0.125
16868,1995-03-20,496.14001500000006,1995-03-24,500.97000099999997,4.0,4.83,0.974
16872,1995-03-24,500.97000099999997,1995-03-27,503.200012,3.0,2.23,0.445
16873,1995-03-27,503.200012,1995-03-28,503.89999400000005,1.0,0.7,0.139
16874,1995-03-28,503.89999400000005,1995-04-04,505.23999000000003,7.0,1.34,0.266
16879,1995-04-04,505.23999000000003,1995-04-05,505.57000700000003,1.0,0.33,0.065
16880,1995-04-05,505.57000700000003,1995-04-06,506.079987,1.0,0.51,0.101
16881,1995-04-06,506.079987,1995-04-07,506.420013,1.0,0.34,0.067
16882,1995-04-07,506.420013,1995-04-10,507.01000999999997,3.0,0.59,0.117
16883,1995-04-10,507.01000999999997,1995-04-12,507.170013,2.0,0.16,0.032
16885,1995-04-12,507.170013,1995-04-13,509.23001100000016,1.0,2.06,0.406
16886,1995-04-13,509.23001100000016,1995-04-24,512.8900150000002,11.0,3.66,0.719
16892,1995-04-24,512.8900150000002,1995-04-27,513.549988,3.0,0.66,0.129
16895,1995-04-27,513.549988,1995-04-28,514.710022,1.0,1.16,0.226
16896,1995-04-28,514.710022,1995-05-02,514.8599849999998,4.0,0.15,0.029
16898,1995-05-02,514.8599849999998,1995-05-03,520.47998,1.0,5.62,1.092
16899,1995-05-03,520.47998,1995-05-04,520.539978,1.0,0.06,0.012
16900,1995-05-04,520.539978,1995-05-08,523.960022,4.0,3.42,0.657
16902,1995-05-08,523.960022,1995-05-10,524.3599849999998,2.0,0.4,0.076
16904,1995-05-10,524.3599849999998,1995-05-11,524.369995,1.0,0.01,0.002
16905,1995-05-11,524.369995,1995-05-12,525.549988,1.0,1.18,0.225
16906,1995-05-12,525.549988,1995-05-15,527.73999,3.0,2.19,0.417
16907,1995-05-15,527.73999,1995-05-16,528.1900019999998,1.0,0.45,0.085
16908,1995-05-16,528.1900019999998,1995-05-23,528.590027,7.0,0.4,0.076
16913,1995-05-23,528.590027,1995-05-24,528.6099849999998,1.0,0.02,0.004
16914,1995-05-24,528.6099849999998,1995-05-31,533.400024,7.0,4.79,0.906
16918,1995-05-31,533.400024,1995-06-01,533.48999,1.0,0.09,0.017
16919,1995-06-01,533.48999,1995-06-05,535.599976,4.0,2.11,0.396
16921,1995-06-05,535.599976,1995-06-13,536.049988,8.0,0.45,0.084
16927,1995-06-13,536.049988,1995-06-14,536.469971,1.0,0.42,0.078
16928,1995-06-14,536.469971,1995-06-15,537.119995,1.0,0.65,0.121
16929,1995-06-15,537.119995,1995-06-16,539.830017,1.0,2.71,0.505
16930,1995-06-16,539.830017,1995-06-19,545.219971,3.0,5.39,0.998
16931,1995-06-19,545.219971,1995-06-22,551.070007,3.0,5.85,1.073
16934,1995-06-22,551.070007,1995-07-06,553.98999,14.0,2.92,0.53
16943,1995-07-06,553.98999,1995-07-07,556.369995,1.0,2.38,0.43
16944,1995-07-07,556.369995,1995-07-10,557.1900019999998,3.0,0.82,0.147
16945,1995-07-10,557.1900019999998,1995-07-12,560.8900150000002,2.0,3.7,0.664
16947,1995-07-12,560.8900150000002,1995-07-13,561.0,1.0,0.11,0.02
16948,1995-07-13,561.0,1995-07-17,562.719971,4.0,1.72,0.307
16950,1995-07-17,562.719971,1995-07-27,565.219971,10.0,2.5,0.444
16958,1995-07-27,565.219971,1995-09-05,569.169983,40.0,3.95,0.699
16985,1995-09-05,569.169983,1995-09-06,570.169983,1.0,1.0,0.176
16986,1995-09-06,570.169983,1995-09-07,570.289978,1.0,0.12,0.021
16987,1995-09-07,570.289978,1995-09-08,572.679993,1.0,2.39,0.419
16988,1995-09-08,572.679993,1995-09-11,573.909973,3.0,1.23,0.215
16989,1995-09-11,573.909973,1995-09-12,576.51001,1.0,2.6,0.453
16990,1995-09-12,576.51001,1995-09-13,578.77002,1.0,2.26,0.392
16991,1995-09-13,578.77002,1995-09-14,583.6099849999998,1.0,4.84,0.836
16992,1995-09-14,583.6099849999998,1995-09-19,584.200012,5.0,0.59,0.101
16995,1995-09-19,584.200012,1995-09-20,586.77002,1.0,2.57,0.44
16996,1995-09-20,586.77002,1995-10-17,586.780029,27.0,0.01,0.002
17015,1995-10-17,586.780029,1995-10-18,587.4400019999998,1.0,0.66,0.112
17016,1995-10-18,587.4400019999998,1995-10-19,590.650024,1.0,3.21,0.546
17017,1995-10-19,590.650024,1995-11-08,591.710022,20.0,1.06,0.179
17031,1995-11-08,591.710022,1995-11-09,593.26001,1.0,1.55,0.262
17032,1995-11-09,593.26001,1995-11-15,593.960022,6.0,0.7,0.118
17036,1995-11-15,593.960022,1995-11-16,597.340027,1.0,3.38,0.569
17037,1995-11-16,597.340027,1995-11-17,600.070007,1.0,2.73,0.457
17038,1995-11-17,600.070007,1995-11-21,600.23999,4.0,0.17,0.028
17040,1995-11-21,600.23999,1995-11-27,601.320007,6.0,1.08,0.18
17043,1995-11-27,601.320007,1995-11-28,606.450012,1.0,5.13,0.853
17044,1995-11-28,606.450012,1995-11-29,607.6400150000002,1.0,1.19,0.196
17045,1995-11-29,607.6400150000002,1995-12-04,613.679993,5.0,6.04,0.994
17048,1995-12-04,613.679993,1995-12-05,617.679993,1.0,4.0,0.652
17049,1995-12-05,617.679993,1995-12-06,620.179993,1.0,2.5,0.405
17050,1995-12-06,620.179993,1995-12-13,621.6900019999998,7.0,1.51,0.243
17055,1995-12-13,621.6900019999998,1996-01-29,624.219971,47.0,2.53,0.407
17086,1996-01-29,624.219971,1996-01-30,630.150024,1.0,5.93,0.95
17087,1996-01-30,630.150024,1996-01-31,636.02002,1.0,5.87,0.932
17088,1996-01-31,636.02002,1996-02-01,638.460022,1.0,2.44,0.384
17089,1996-02-01,638.460022,1996-02-05,641.429993,4.0,2.97,0.465
17091,1996-02-05,641.429993,1996-02-06,646.330017,1.0,4.9,0.764
17092,1996-02-06,646.330017,1996-02-07,649.929993,1.0,3.6,0.557
17093,1996-02-07,649.929993,1996-02-08,656.070007,1.0,6.14,0.945
17094,1996-02-08,656.070007,1996-02-09,656.369995,1.0,0.3,0.046
17095,1996-02-09,656.369995,1996-02-12,661.450012,3.0,5.08,0.774
17096,1996-02-12,661.450012,1996-05-13,661.51001,91.0,0.06,0.009
17159,1996-05-13,661.51001,1996-05-14,665.599976,1.0,4.09,0.618
17160,1996-05-14,665.599976,1996-05-17,668.909973,3.0,3.31,0.497
17163,1996-05-17,668.909973,1996-05-20,673.150024,3.0,4.24,0.634
17164,1996-05-20,673.150024,1996-05-22,678.419983,2.0,5.27,0.783
17166,1996-05-22,678.419983,1996-05-24,678.51001,2.0,0.09,0.013
17168,1996-05-24,678.51001,1996-09-13,680.539978,112.0,2.03,0.299
17245,1996-09-13,680.539978,1996-09-16,683.97998,3.0,3.44,0.505
17246,1996-09-16,683.97998,1996-09-20,687.030029,4.0,3.05,0.446
17250,1996-09-20,687.030029,1996-09-30,687.330017,10.0,0.3,0.044
17256,1996-09-30,687.330017,1996-10-01,689.080017,1.0,1.75,0.255
17257,1996-10-01,689.080017,1996-10-02,694.01001,1.0,4.93,0.715
17258,1996-10-02,694.01001,1996-10-04,701.460022,2.0,7.45,1.073
17260,1996-10-04,701.460022,1996-10-07,703.340027,3.0,1.88,0.268
17261,1996-10-07,703.340027,1996-10-14,703.539978,7.0,0.2,0.028
17266,1996-10-14,703.539978,1996-10-16,704.409973,2.0,0.87,0.124
17268,1996-10-16,704.409973,1996-10-17,706.98999,1.0,2.58,0.366
17269,1996-10-17,706.98999,1996-10-18,710.820007,1.0,3.83,0.542
17270,1996-10-18,710.820007,1996-11-05,714.1400150000003,18.0,3.32,0.467
17282,1996-11-05,714.1400150000003,1996-11-06,724.590027,1.0,10.45,1.463
17283,1996-11-06,724.590027,1996-11-07,727.650024,1.0,3.06,0.422
17284,1996-11-07,727.650024,1996-11-08,730.820007,1.0,3.17,0.436
17285,1996-11-08,730.820007,1996-11-11,731.869995,3.0,1.05,0.144
17286,1996-11-11,731.869995,1996-11-14,735.880005,3.0,4.01,0.548
17289,1996-11-14,735.880005,1996-11-15,737.619995,1.0,1.74,0.236
17290,1996-11-15,737.619995,1996-11-19,742.159973,4.0,4.54,0.615
17292,1996-11-19,742.159973,1996-11-20,743.950012,1.0,1.79,0.241
17293,1996-11-20,743.950012,1996-11-22,748.72998,2.0,4.78,0.643
17295,1996-11-22,748.72998,1996-11-25,757.030029,3.0,8.3,1.109
17296,1996-11-25,757.030029,1997-01-10,759.5,46.0,2.47,0.326
17327,1997-01-10,759.5,1997-01-13,759.51001,3.0,0.01,0.001
17328,1997-01-13,759.51001,1997-01-14,768.8599849999997,1.0,9.35,1.231
17329,1997-01-14,768.8599849999997,1997-01-16,769.75,2.0,0.89,0.116
17331,1997-01-16,769.75,1997-01-17,776.169983,1.0,6.42,0.834
17332,1997-01-17,776.169983,1997-01-20,776.700012,3.0,0.53,0.068
17333,1997-01-20,776.700012,1997-01-21,782.719971,1.0,6.02,0.775
17334,1997-01-21,782.719971,1997-01-22,786.22998,1.0,3.51,0.448
17335,1997-01-22,786.22998,1997-02-03,786.72998,12.0,0.5,0.064
17343,1997-02-03,786.72998,1997-02-04,789.26001,1.0,2.53,0.322
17344,1997-02-04,789.26001,1997-02-07,789.5599980000003,3.0,0.3,0.038
17347,1997-02-07,789.5599980000003,1997-02-11,789.590027,4.0,0.03,0.004
17349,1997-02-11,789.590027,1997-02-12,802.77002,1.0,13.18,1.669
17350,1997-02-12,802.77002,1997-02-13,811.820007,1.0,9.05,1.127
17351,1997-02-13,811.820007,1997-02-18,816.289978,5.0,4.47,0.551
17353,1997-02-18,816.289978,1997-05-05,830.289978,76.0,14.0,1.715
17406,1997-05-05,830.289978,1997-05-12,837.659973,7.0,7.37,0.888
17411,1997-05-12,837.659973,1997-05-15,841.8800050000001,3.0,4.22,0.504
17414,1997-05-15,841.8800050000001,1997-05-23,847.0300289999999,8.0,5.15,0.612
17420,1997-05-23,847.0300289999999,1997-05-27,849.7100220000003,4.0,2.68,0.316
17421,1997-05-27,849.7100220000003,1997-06-06,858.01001,10.0,8.3,0.977
17429,1997-06-06,858.01001,1997-06-09,862.909973,3.0,4.9,0.571
17430,1997-06-09,862.909973,1997-06-10,865.2700199999997,1.0,2.36,0.273
17431,1997-06-10,865.2700199999997,1997-06-11,869.570007,1.0,4.3,0.497
17432,1997-06-11,869.570007,1997-06-12,883.4600220000003,1.0,13.89,1.597
17433,1997-06-12,883.4600220000003,1997-06-13,893.2700199999997,1.0,9.81,1.11
17434,1997-06-13,893.2700199999997,1997-06-16,893.900024,3.0,0.63,0.071
17435,1997-06-16,893.900024,1997-06-17,894.419983,1.0,0.52,0.058
17436,1997-06-17,894.419983,1997-06-19,897.98999,2.0,3.57,0.399
17438,1997-06-19,897.98999,1997-06-20,898.7000119999999,1.0,0.71,0.079
17439,1997-06-20,898.7000119999999,1997-07-02,904.0300289999999,12.0,5.33,0.593
17447,1997-07-02,904.0300289999999,1997-07-03,916.919983,1.0,12.89,1.426
17448,1997-07-03,916.919983,1997-07-08,918.75,5.0,1.83,0.2
17450,1997-07-08,918.75,1997-07-15,925.76001,7.0,7.01,0.763
17455,1997-07-15,925.76001,1997-07-16,936.590027,1.0,10.83,1.17
17456,1997-07-16,936.590027,1997-07-24,940.2999880000001,8.0,3.71,0.396
17462,1997-07-24,940.2999880000001,1997-07-29,942.2899779999999,5.0,1.99,0.212
17465,1997-07-29,942.2899779999999,1997-07-30,952.2899779999999,1.0,10.0,1.061
17466,1997-07-30,952.2899779999999,1997-07-31,954.3099980000001,1.0,2.02,0.212
17467,1997-07-31,954.3099980000001,1997-08-06,960.320007,6.0,6.01,0.63
17471,1997-08-06,960.320007,1997-10-02,960.4600220000001,57.0,0.14,0.015
17511,1997-10-02,960.4600220000001,1997-10-03,965.0300289999999,1.0,4.57,0.476
17512,1997-10-03,965.0300289999999,1997-10-06,972.6900019999999,3.0,7.66,0.794
17513,1997-10-06,972.6900019999999,1997-10-07,983.1199949999999,1.0,10.43,1.072
17514,1997-10-07,983.1199949999999,1997-12-05,983.7899779999999,59.0,0.67,0.068
17556,1997-12-05,983.7899779999999,1998-01-29,985.48999,55.0,1.7,0.173
17592,1998-01-29,985.48999,1998-02-02,1001.2700199999999,4.0,15.78,1.601
17594,1998-02-02,1001.2700199999999,1998-02-03,1006.0,1.0,4.73,0.472
17595,1998-02-03,1006.0,1998-02-04,1006.900024,1.0,0.9,0.089
17596,1998-02-04,1006.900024,1998-02-06,1012.4600220000001,2.0,5.56,0.552
17598,1998-02-06,1012.4600220000001,1998-02-10,1019.01001,4.0,6.55,0.647
17600,1998-02-10,1019.01001,1998-02-11,1020.01001,1.0,1.0,0.098
17601,1998-02-11,1020.01001,1998-02-12,1024.140015,1.0,4.13,0.405
17602,1998-02-12,1024.140015,1998-02-18,1032.079956,6.0,7.94,0.775
17605,1998-02-18,1032.079956,1998-02-20,1034.209961,2.0,2.13,0.206
17607,1998-02-20,1034.209961,1998-02-23,1038.140015,3.0,3.93,0.38
17608,1998-02-23,1038.140015,1998-02-25,1042.900024,2.0,4.76,0.459
17610,1998-02-25,1042.900024,1998-02-26,1048.670044,1.0,5.77,0.553
17611,1998-02-26,1048.670044,1998-02-27,1049.339966,1.0,0.67,0.064
17612,1998-02-27,1049.339966,1998-03-03,1052.02002,4.0,2.68,0.255
17614,1998-03-03,1052.02002,1998-03-06,1055.689941,3.0,3.67,0.349
17617,1998-03-06,1055.689941,1998-03-10,1064.25,4.0,8.56,0.811
17619,1998-03-10,1064.25,1998-03-11,1068.469971,1.0,4.22,0.397
17620,1998-03-11,1068.469971,1998-03-12,1069.920044,1.0,1.45,0.136
17621,1998-03-12,1069.920044,1998-03-16,1079.27002,4.0,9.35,0.874
17623,1998-03-16,1079.27002,1998-03-17,1080.449951,1.0,1.18,0.109
17624,1998-03-17,1080.449951,1998-03-18,1085.52002,1.0,5.07,0.469
17625,1998-03-18,1085.52002,1998-03-19,1089.73999,1.0,4.22,0.389
17626,1998-03-19,1089.73999,1998-03-20,1099.160034,1.0,9.42,0.864
17627,1998-03-20,1099.160034,1998-03-24,1105.650024,4.0,6.49,0.59
17629,1998-03-24,1105.650024,1998-04-01,1108.150024,8.0,2.5,0.226
17635,1998-04-01,1108.150024,1998-04-02,1120.01001,1.0,11.86,1.07
17636,1998-04-02,1120.01001,1998-04-03,1122.699951,1.0,2.69,0.24
17637,1998-04-03,1122.699951,1998-04-17,1122.719971,14.0,0.02,0.002
17646,1998-04-17,1122.719971,1998-04-20,1123.650024,3.0,0.93,0.083
17647,1998-04-20,1123.650024,1998-04-21,1126.670044,1.0,3.02,0.269
17648,1998-04-21,1126.670044,1998-04-22,1130.540039,1.0,3.87,0.343
17649,1998-04-22,1130.540039,1998-06-24,1132.880005,63.0,2.34,0.207
17693,1998-06-24,1132.880005,1998-06-26,1133.199951,2.0,0.32,0.028
17695,1998-06-26,1133.199951,1998-06-29,1138.48999,3.0,5.29,0.467
17696,1998-06-29,1138.48999,1998-07-01,1148.560059,2.0,10.07,0.885
17698,1998-07-01,1148.560059,1998-07-06,1157.329956,5.0,8.77,0.764
17700,1998-07-06,1157.329956,1998-07-08,1166.380005,2.0,9.05,0.782
17702,1998-07-08,1166.380005,1998-07-14,1177.579956,6.0,11.2,0.96
17706,1998-07-14,1177.579956,1998-07-16,1183.98999,2.0,6.41,0.544
17708,1998-07-16,1183.98999,1998-07-17,1186.75,1.0,2.76,0.233
17709,1998-07-17,1186.75,1998-11-23,1188.209961,129.0,1.46,0.123
17799,1998-11-23,1188.209961,1998-11-27,1192.329956,4.0,4.12,0.347
17802,1998-11-27,1192.329956,1998-12-21,1202.839966,24.0,10.51,0.881
17818,1998-12-21,1202.839966,1998-12-22,1203.569946,1.0,0.73,0.061
17819,1998-12-22,1203.569946,1998-12-23,1228.540039,1.0,24.97,2.075
17820,1998-12-23,1228.540039,1998-12-29,1241.810059,6.0,13.27,1.08
17823,1998-12-29,1241.810059,1999-01-05,1244.780029,7.0,2.97,0.239
17827,1999-01-05,1244.780029,1999-01-06,1272.339966,1.0,27.56,2.214
17828,1999-01-06,1272.339966,1999-01-08,1275.089966,2.0,2.75,0.216
17830,1999-01-08,1275.089966,1999-01-29,1279.640015,21.0,4.55,0.357
17844,1999-01-29,1279.640015,1999-03-08,1282.72998,38.0,3.09,0.241
17869,1999-03-08,1282.72998,1999-03-10,1286.839966,2.0,4.11,0.32
17871,1999-03-10,1286.839966,1999-03-11,1297.680054,1.0,10.84,0.842
17872,1999-03-11,1297.680054,1999-03-15,1307.26001,4.0,9.58,0.738
17874,1999-03-15,1307.26001,1999-03-18,1316.550049,3.0,9.29,0.711
17877,1999-03-18,1316.550049,1999-04-05,1321.119995,18.0,4.57,0.347
17888,1999-04-05,1321.119995,1999-04-07,1326.890015,2.0,5.77,0.437
17890,1999-04-07,1326.890015,1999-04-08,1343.97998,1.0,17.09,1.288
17891,1999-04-08,1343.97998,1999-04-09,1348.349976,1.0,4.37,0.325
17892,1999-04-09,1348.349976,1999-04-12,1358.630005,3.0,10.28,0.762
17893,1999-04-12,1358.630005,1999-04-22,1358.819946,10.0,0.19,0.014
17901,1999-04-22,1358.819946,1999-04-26,1360.040039,4.0,1.22,0.09
17903,1999-04-26,1360.040039,1999-04-27,1362.800049,1.0,2.76,0.203
17904,1999-04-27,1362.800049,1999-05-12,1364.0,15.0,1.2,0.088
17915,1999-05-12,1364.0,1999-05-13,1367.560059,1.0,3.56,0.261
17916,1999-05-13,1367.560059,1999-06-30,1372.709961,48.0,5.15,0.377
17949,1999-06-30,1372.709961,1999-07-01,1380.959961,1.0,8.25,0.601
17950,1999-07-01,1380.959961,1999-07-02,1391.219971,1.0,10.26,0.743
17951,1999-07-02,1391.219971,1999-07-07,1395.859985,5.0,4.64,0.334
17953,1999-07-07,1395.859985,1999-07-09,1403.280029,2.0,7.42,0.532
17955,1999-07-09,1403.280029,1999-07-15,1409.619995,6.0,6.34,0.452
17959,1999-07-15,1409.619995,1999-07-16,1418.780029,1.0,9.16,0.65
17960,1999-07-16,1418.780029,1999-11-16,1420.069946,123.0,1.29,0.091
18046,1999-11-16,1420.069946,1999-11-18,1424.939941,2.0,4.87,0.343
18048,1999-11-18,1424.939941,1999-12-03,1433.300049,15.0,8.36,0.587
18058,1999-12-03,1433.300049,1999-12-21,1433.430054,18.0,0.13,0.009
18070,1999-12-21,1433.430054,1999-12-22,1436.130005,1.0,2.7,0.188
18071,1999-12-22,1436.130005,1999-12-23,1458.339966,1.0,22.21,1.547
18072,1999-12-23,1458.339966,1999-12-29,1463.459961,6.0,5.12,0.351
18075,1999-12-29,1463.459961,1999-12-30,1464.469971,1.0,1.01,0.069
18076,1999-12-30,1464.469971,1999-12-31,1469.25,1.0,4.78,0.326
18077,1999-12-31,1469.25,2000-03-21,1493.869995,81.0,24.62,1.676
18132,2000-03-21,1493.869995,2000-03-22,1500.640015,1.0,6.77,0.453
18133,2000-03-22,1500.640015,2000-03-23,1527.349976,1.0,26.71,1.78
18134,2000-03-23,1527.349976,2000-03-24,1527.459961,1.0,0.11,0.007
18135,2000-03-24,1527.459961,2007-05-30,1530.22998,2623.0,2.77,0.181
19938,2007-05-30,1530.22998,2007-05-31,1530.619995,1.0,0.39,0.025
19939,2007-05-31,1530.619995,2007-06-01,1536.339966,1.0,5.72,0.374
19940,2007-06-01,1536.339966,2007-06-04,1539.180054,3.0,2.84,0.185
19941,2007-06-04,1539.180054,2007-07-12,1547.699951,38.0,8.52,0.554
19968,2007-07-12,1547.699951,2007-07-13,1552.5,1.0,4.8,0.31
19969,2007-07-13,1552.5,2007-07-19,1553.079956,6.0,0.58,0.037
19973,2007-07-19,1553.079956,2007-10-05,1557.589966,78.0,4.51,0.29
20028,2007-10-05,1557.589966,2007-10-09,1565.150024,4.0,7.56,0.485
20030,2007-10-09,1565.150024,2013-03-28,1569.189941,1997.0,4.04,0.258
21406,2013-03-28,1569.189941,2013-04-02,1570.25,5.0,1.06,0.068
21408,2013-04-02,1570.25,2013-04-10,1587.72998,8.0,17.48,1.113
21414,2013-04-10,1587.72998,2013-04-11,1593.369995,1.0,5.64,0.355
21415,2013-04-11,1593.369995,2013-04-29,1593.609985,18.0,0.24,0.015
21427,2013-04-29,1593.609985,2013-04-30,1597.569946,1.0,3.96,0.248
21428,2013-04-30,1597.569946,2013-05-02,1597.589966,2.0,0.02,0.001
21430,2013-05-02,1597.589966,2013-05-03,1614.420044,1.0,16.83,1.053
21431,2013-05-03,1614.420044,2013-05-06,1617.5,3.0,3.08,0.191
21432,2013-05-06,1617.5,2013-05-07,1625.959961,1.0,8.46,0.523
21433,2013-05-07,1625.959961,2013-05-08,1632.689941,1.0,6.73,0.414
21434,2013-05-08,1632.689941,2013-05-10,1633.699951,2.0,1.01,0.062
21436,2013-05-10,1633.699951,2013-05-13,1633.77002,3.0,0.07,0.004
21437,2013-05-13,1633.77002,2013-05-14,1650.339966,1.0,16.57,1.014
21438,2013-05-14,1650.339966,2013-05-15,1658.780029,1.0,8.44,0.511
21439,2013-05-15,1658.780029,2013-05-17,1667.469971,2.0,8.69,0.524
21441,2013-05-17,1667.469971,2013-05-21,1669.160034,4.0,1.69,0.101
21443,2013-05-21,1669.160034,2013-07-11,1675.02002,51.0,5.86,0.351
21478,2013-07-11,1675.02002,2013-07-12,1680.189941,1.0,5.17,0.309
21479,2013-07-12,1680.189941,2013-07-15,1682.5,3.0,2.31,0.137
21480,2013-07-15,1682.5,2013-07-18,1689.369995,3.0,6.87,0.408
21483,2013-07-18,1689.369995,2013-07-19,1692.089966,1.0,2.72,0.161
21484,2013-07-19,1692.089966,2013-07-22,1695.530029,3.0,3.44,0.203
21485,2013-07-22,1695.530029,2013-08-01,1706.869995,10.0,11.34,0.669
21493,2013-08-01,1706.869995,2013-08-02,1709.6700440000006,1.0,2.8,0.164
21494,2013-08-02,1709.6700440000006,2013-09-18,1725.52002,47.0,15.85,0.927
21526,2013-09-18,1725.52002,2013-10-17,1733.1500239999998,29.0,7.63,0.442
21547,2013-10-17,1733.1500239999998,2013-10-18,1744.5,1.0,11.35,0.655
21548,2013-10-18,1744.5,2013-10-21,1744.660034,3.0,0.16,0.009
21549,2013-10-21,1744.660034,2013-10-22,1754.6700440000006,1.0,10.01,0.574
21550,2013-10-22,1754.6700440000006,2013-10-25,1759.77002,3.0,5.1,0.291
21553,2013-10-25,1759.77002,2013-10-28,1762.109985,3.0,2.34,0.133
21554,2013-10-28,1762.109985,2013-10-29,1771.949951,1.0,9.84,0.558
21555,2013-10-29,1771.949951,2013-11-13,1782.0,15.0,10.05,0.567
21566,2013-11-13,1782.0,2013-11-14,1790.619995,1.0,8.62,0.484
21567,2013-11-14,1790.619995,2013-11-15,1798.180054,1.0,7.56,0.422
21568,2013-11-15,1798.180054,2013-11-22,1804.7600100000002,7.0,6.58,0.366
21573,2013-11-22,1804.7600100000002,2013-11-27,1807.22998,5.0,2.47,0.137
21576,2013-11-27,1807.22998,2013-12-09,1808.369995,12.0,1.14,0.063
21583,2013-12-09,1808.369995,2013-12-18,1810.6500239999998,9.0,2.28,0.126
21590,2013-12-18,1810.6500239999998,2013-12-20,1818.319946,2.0,7.67,0.424
21592,2013-12-20,1818.319946,2013-12-23,1827.9899899999998,3.0,9.67,0.532
21593,2013-12-23,1827.9899899999998,2013-12-24,1833.319946,1.0,5.33,0.292
21594,2013-12-24,1833.319946,2013-12-26,1842.02002,2.0,8.7,0.475
21595,2013-12-26,1842.02002,2013-12-31,1848.359985,5.0,6.34,0.344
21598,2013-12-31,1848.359985,2014-01-15,1848.380005,15.0,0.02,0.001
21608,2014-01-15,1848.380005,2014-02-27,1854.290039,43.0,5.91,0.32
21637,2014-02-27,1854.290039,2014-02-28,1859.449951,1.0,5.16,0.278
21638,2014-02-28,1859.449951,2014-03-04,1873.910034,4.0,14.46,0.778
21640,2014-03-04,1873.910034,2014-03-06,1877.030029,2.0,3.12,0.166
21642,2014-03-06,1877.030029,2014-03-07,1878.040039,1.0,1.01,0.054
21643,2014-03-07,1878.040039,2014-04-01,1885.52002,25.0,7.48,0.398
21660,2014-04-01,1885.52002,2014-04-02,1890.9000239999998,1.0,5.38,0.285
21661,2014-04-02,1890.9000239999998,2014-05-12,1896.6500239999998,40.0,5.75,0.304
21688,2014-05-12,1896.6500239999998,2014-05-13,1897.449951,1.0,0.8,0.042
21689,2014-05-13,1897.449951,2014-05-23,1900.530029,10.0,3.08,0.162
21697,2014-05-23,1900.530029,2014-05-27,1911.910034,4.0,11.38,0.599
21698,2014-05-27,1911.910034,2014-05-29,1920.030029,2.0,8.12,0.425
21700,2014-05-29,1920.030029,2014-05-30,1923.569946,1.0,3.54,0.184
21701,2014-05-30,1923.569946,2014-06-02,1924.969971,3.0,1.4,0.073
21702,2014-06-02,1924.969971,2014-06-04,1927.880005,2.0,2.91,0.151
21704,2014-06-04,1927.880005,2014-06-05,1940.459961,1.0,12.58,0.653
21705,2014-06-05,1940.459961,2014-06-06,1949.439941,1.0,8.98,0.463
21706,2014-06-06,1949.439941,2014-06-09,1951.27002,3.0,1.83,0.094
21707,2014-06-09,1951.27002,2014-06-18,1956.97998,9.0,5.71,0.293
21714,2014-06-18,1956.97998,2014-06-19,1959.47998,1.0,2.5,0.128
21715,2014-06-19,1959.47998,2014-06-20,1962.869995,1.0,3.39,0.173
21716,2014-06-20,1962.869995,2014-07-01,1973.319946,11.0,10.45,0.532
21723,2014-07-01,1973.319946,2014-07-02,1974.619995,1.0,1.3,0.066
21724,2014-07-02,1974.619995,2014-07-03,1985.439941,1.0,10.82,0.548
21725,2014-07-03,1985.439941,2014-07-23,1987.0100100000002,20.0,1.57,0.079
21738,2014-07-23,1987.0100100000002,2014-07-24,1987.97998,1.0,0.97,0.049
21739,2014-07-24,1987.97998,2014-08-21,1992.369995,28.0,4.39,0.221
21759,2014-08-21,1992.369995,2014-08-25,1997.9200440000002,4.0,5.55,0.279
21761,2014-08-25,1997.9200440000002,2014-08-26,2000.02002,1.0,2.1,0.105
21762,2014-08-26,2000.02002,2014-08-27,2000.119995,1.0,0.1,0.005
21763,2014-08-27,2000.119995,2014-08-29,2003.369995,2.0,3.25,0.162
21765,2014-08-29,2003.369995,2014-09-05,2007.709961,7.0,4.34,0.217
21769,2014-09-05,2007.709961,2014-09-18,2011.359985,13.0,3.65,0.182
21778,2014-09-18,2011.359985,2014-10-31,2018.050049,43.0,6.69,0.333
21809,2014-10-31,2018.050049,2014-11-05,2023.569946,5.0,5.52,0.274
21812,2014-11-05,2023.569946,2014-11-06,2031.209961,1.0,7.64,0.378
21813,2014-11-06,2031.209961,2014-11-07,2031.9200440000002,1.0,0.71,0.035
21814,2014-11-07,2031.9200440000002,2014-11-10,2038.2600100000002,3.0,6.34,0.312
21815,2014-11-10,2038.2600100000002,2014-11-11,2039.680054,1.0,1.42,0.07
21816,2014-11-11,2039.680054,2014-11-14,2039.819946,3.0,0.14,0.007
21819,2014-11-14,2039.819946,2014-11-17,2041.319946,3.0,1.5,0.074
21820,2014-11-17,2041.319946,2014-11-18,2051.800049,1.0,10.48,0.513
21821,2014-11-18,2051.800049,2014-11-20,2052.75,2.0,0.95,0.046
21823,2014-11-20,2052.75,2014-11-21,2063.5,1.0,10.75,0.524
21824,2014-11-21,2063.5,2014-11-24,2069.409912,3.0,5.91,0.286
21825,2014-11-24,2069.409912,2014-11-26,2072.830078,2.0,3.42,0.165
21827,2014-11-26,2072.830078,2014-12-03,2074.330078,7.0,1.5,0.072
21831,2014-12-03,2074.330078,2014-12-05,2075.3701170000004,2.0,1.04,0.05
21833,2014-12-05,2075.3701170000004,2014-12-22,2078.540039,17.0,3.17,0.153
21844,2014-12-22,2078.540039,2014-12-23,2082.169922,1.0,3.63,0.175
21845,2014-12-23,2082.169922,2014-12-26,2088.77002,3.0,6.6,0.317
21847,2014-12-26,2088.77002,2014-12-29,2090.570068,3.0,1.8,0.086
21848,2014-12-29,2090.570068,2015-02-13,2096.98999,46.0,6.42,0.307
21880,2015-02-13,2096.98999,2015-02-17,2100.340088,4.0,3.35,0.16
21881,2015-02-17,2100.340088,2015-02-20,2110.300049,3.0,9.96,0.474
21884,2015-02-20,2110.300049,2015-02-24,2115.47998,4.0,5.18,0.245
21886,2015-02-24,2115.47998,2015-03-02,2117.389893,6.0,1.91,0.09
21890,2015-03-02,2117.389893,2015-04-24,2117.689941,53.0,0.3,0.014
21928,2015-04-24,2117.689941,2015-05-14,2121.100098,20.0,3.41,0.161
21942,2015-05-14,2121.100098,2015-05-15,2122.72998,1.0,1.63,0.077
21943,2015-05-15,2122.72998,2015-05-18,2129.199951,3.0,6.47,0.305
21944,2015-05-18,2129.199951,2015-05-21,2130.820068,3.0,1.62,0.076
21947,2015-05-21,2130.820068,2016-07-11,2137.159912,417.0,6.34,0.298
22233,2016-07-11,2137.159912,2016-07-12,2152.139893,1.0,14.98,0.701
22234,2016-07-12,2152.139893,2016-07-13,2152.429932,1.0,0.29,0.013
22235,2016-07-13,2152.429932,2016-07-14,2163.75,1.0,11.32,0.526
22236,2016-07-14,2163.75,2016-07-18,2166.889893,4.0,3.14,0.145
22238,2016-07-18,2166.889893,2016-07-20,2173.02002,2.0,6.13,0.283
22240,2016-07-20,2173.02002,2016-07-22,2175.030029,2.0,2.01,0.092
22242,2016-07-22,2175.030029,2016-08-05,2182.8701170000004,14.0,7.84,0.36
22252,2016-08-05,2182.8701170000004,2016-08-11,2185.790039,6.0,2.92,0.134
22256,2016-08-11,2185.790039,2016-08-15,2190.149902,4.0,4.36,0.199
22258,2016-08-15,2190.149902,2016-11-21,2198.179932,98.0,8.03,0.367
22327,2016-11-21,2198.179932,2016-11-22,2202.939941,1.0,4.76,0.217
22328,2016-11-22,2202.939941,2016-11-23,2204.719971,1.0,1.78,0.081
22329,2016-11-23,2204.719971,2016-11-25,2213.350098,2.0,8.63,0.391
22330,2016-11-25,2213.350098,2016-12-07,2241.350098,12.0,28.0,1.265
22338,2016-12-07,2241.350098,2016-12-08,2246.189941,1.0,4.84,0.216
22339,2016-12-08,2246.189941,2016-12-09,2259.530029,1.0,13.34,0.594
22340,2016-12-09,2259.530029,2016-12-13,2271.719971,4.0,12.19,0.539
22342,2016-12-13,2271.719971,2017-01-06,2276.97998,24.0,5.26,0.232
22358,2017-01-06,2276.97998,2017-01-24,2280.070068,18.0,3.09,0.136
22369,2017-01-24,2280.070068,2017-01-25,2298.3701170000004,1.0,18.3,0.803
22370,2017-01-25,2298.3701170000004,2017-02-09,2307.8701170000004,15.0,9.5,0.413
22381,2017-02-09,2307.8701170000004,2017-02-10,2316.100098,1.0,8.23,0.357
22382,2017-02-10,2316.100098,2017-02-13,2328.25,3.0,12.15,0.525
22383,2017-02-13,2328.25,2017-02-14,2337.580078,1.0,9.33,0.401
22384,2017-02-14,2337.580078,2017-02-15,2349.25,1.0,11.67,0.499
22385,2017-02-15,2349.25,2017-02-17,2351.159912,2.0,1.91,0.081
22387,2017-02-17,2351.159912,2017-02-21,2365.3798829999996,4.0,14.22,0.605
22388,2017-02-21,2365.3798829999996,2017-02-24,2367.340088,3.0,1.96,0.083
22391,2017-02-24,2367.340088,2017-02-27,2369.75,3.0,2.41,0.102
22392,2017-02-27,2369.75,2017-03-01,2395.959961,2.0,26.21,1.106
22394,2017-03-01,2395.959961,2017-05-05,2399.290039,65.0,3.33,0.139
22440,2017-05-05,2399.290039,2017-05-08,2399.3798829999996,3.0,0.09,0.004
22441,2017-05-08,2399.3798829999996,2017-05-10,2399.6298829999996,2.0,0.25,0.01
22443,2017-05-10,2399.6298829999996,2017-05-15,2402.320068,5.0,2.69,0.112
22446,2017-05-15,2402.320068,2017-05-24,2404.389893,9.0,2.07,0.086
22453,2017-05-24,2404.389893,2017-05-25,2415.070068,1.0,10.68,0.444
22454,2017-05-25,2415.070068,2017-05-26,2415.820068,1.0,0.75,0.031
22455,2017-05-26,2415.820068,2017-06-01,2430.060059,6.0,14.24,0.589
22458,2017-06-01,2430.060059,2017-06-02,2439.070068,1.0,9.01,0.371
22459,2017-06-02,2439.070068,2017-06-13,2440.350098,11.0,1.28,0.052
22466,2017-06-13,2440.350098,2017-06-19,2453.459961,6.0,13.11,0.537
22470,2017-06-19,2453.459961,2017-07-14,2459.27002,25.0,5.81,0.237
22488,2017-07-14,2459.27002,2017-07-18,2460.610107,4.0,1.34,0.054
22490,2017-07-18,2460.610107,2017-07-19,2473.830078,1.0,13.22,0.537
22491,2017-07-19,2473.830078,2017-07-25,2477.1298829999996,6.0,3.3,0.133
22495,2017-07-25,2477.1298829999996,2017-07-26,2477.830078,1.0,0.7,0.028
22496,2017-07-26,2477.830078,2017-08-07,2480.909912,12.0,3.08,0.124
22504,2017-08-07,2480.909912,2017-09-11,2488.110107,35.0,7.2,0.29
22528,2017-09-11,2488.110107,2017-09-12,2496.47998,1.0,8.37,0.336
22529,2017-09-12,2496.47998,2017-09-13,2498.3701170000004,1.0,1.89,0.076
22530,2017-09-13,2498.3701170000004,2017-09-15,2500.22998,2.0,1.86,0.074
22532,2017-09-15,2500.22998,2017-09-18,2503.8701170000004,3.0,3.64,0.146
22533,2017-09-18,2503.8701170000004,2017-09-19,2506.649902,1.0,2.78,0.111
22534,2017-09-19,2506.649902,2017-09-20,2508.23999,1.0,1.59,0.063
22535,2017-09-20,2508.23999,2017-09-28,2510.060059,8.0,1.82,0.073
22541,2017-09-28,2510.060059,2017-09-29,2519.360107,1.0,9.3,0.371
22542,2017-09-29,2519.360107,2017-10-02,2529.1201170000004,3.0,9.76,0.387
22543,2017-10-02,2529.1201170000004,2017-10-03,2534.580078,1.0,5.46,0.216
22544,2017-10-03,2534.580078,2017-10-04,2537.73999,1.0,3.16,0.125
22545,2017-10-04,2537.73999,2017-10-05,2552.070068,1.0,14.33,0.565
22546,2017-10-05,2552.070068,2017-10-11,2555.23999,6.0,3.17,0.124
22550,2017-10-11,2555.23999,2017-10-16,2557.639893,5.0,2.4,0.094
22553,2017-10-16,2557.639893,2017-10-17,2559.360107,1.0,1.72,0.067
22554,2017-10-17,2559.360107,2017-10-18,2561.26001,1.0,1.9,0.074
22555,2017-10-18,2561.26001,2017-10-19,2562.100098,1.0,0.84,0.033
22556,2017-10-19,2562.100098,2017-10-20,2575.209961,1.0,13.11,0.512
22557,2017-10-20,2575.209961,2017-10-27,2581.070068,7.0,5.86,0.228
22562,2017-10-27,2581.070068,2017-11-03,2587.840088,7.0,6.77,0.262
22567,2017-11-03,2587.840088,2017-11-06,2591.1298829999996,3.0,3.29,0.127
22568,2017-11-06,2591.1298829999996,2017-11-08,2594.3798829999996,2.0,3.25,0.125
22570,2017-11-08,2594.3798829999996,2017-11-21,2599.030029,13.0,4.65,0.179
22579,2017-11-21,2599.030029,2017-11-24,2602.419922,3.0,3.39,0.13
22581,2017-11-24,2602.419922,2017-11-28,2627.040039,4.0,24.62,0.946
22583,2017-11-28,2627.040039,2017-11-30,2647.580078,2.0,20.54,0.782
22585,2017-11-30,2647.580078,2017-12-08,2651.5,8.0,3.92,0.148
22591,2017-12-08,2651.5,2017-12-11,2659.98999,3.0,8.49,0.32
22592,2017-12-11,2659.98999,2017-12-12,2664.110107,1.0,4.12,0.155
22593,2017-12-12,2664.110107,2017-12-15,2675.810059,3.0,11.7,0.439
22596,2017-12-15,2675.810059,2017-12-18,2690.159912,3.0,14.35,0.536
22597,2017-12-18,2690.159912,2018-01-02,2695.810059,15.0,5.65,0.21
22606,2018-01-02,2695.810059,2018-01-03,2713.060059,1.0,17.25,0.64
22607,2018-01-03,2713.060059,2018-01-04,2723.98999,1.0,10.93,0.403
22608,2018-01-04,2723.98999,2018-01-05,2743.149902,1.0,19.16,0.703
22609,2018-01-05,2743.149902,2018-01-08,2747.709961,3.0,4.56,0.166
22610,2018-01-08,2747.709961,2018-01-09,2751.290039,1.0,3.58,0.13
22611,2018-01-09,2751.290039,2018-01-11,2767.560059,2.0,16.27,0.591
22613,2018-01-11,2767.560059,2018-01-12,2786.23999,1.0,18.68,0.675
22614,2018-01-12,2786.23999,2018-01-17,2802.560059,5.0,16.32,0.586
22616,2018-01-17,2802.560059,2018-01-19,2810.300049,2.0,7.74,0.276
22618,2018-01-19,2810.300049,2018-01-22,2832.969971,3.0,22.67,0.807
22619,2018-01-22,2832.969971,2018-01-23,2839.1298829999996,1.0,6.16,0.217
22620,2018-01-23,2839.1298829999996,2018-01-25,2839.25,2.0,0.12,0.004
22622,2018-01-25,2839.25,2018-01-26,2872.8701170000004,1.0,33.62,1.184
22623,2018-01-26,2872.8701170000004,2018-08-24,2874.689941,210.0,1.82,0.063
22769,2018-08-24,2874.689941,2018-08-27,2896.73999,3.0,22.05,0.767
22770,2018-08-27,2896.73999,2018-08-28,2897.52002,1.0,0.78,0.027
22771,2018-08-28,2897.52002,2018-08-29,2914.040039,1.0,16.52,0.57
22772,2018-08-29,2914.040039,2018-09-20,2930.75,22.0,16.71,0.573
22787,2018-09-20,2930.75,2019-04-23,2933.679932,215.0,2.93,0.1
22933,2019-04-23,2933.679932,2019-04-26,2939.8798829999996,3.0,6.2,0.211
22936,2019-04-26,2939.8798829999996,2019-04-29,2943.030029,3.0,3.15,0.107
22937,2019-04-29,2943.030029,2019-04-30,2945.830078,1.0,2.8,0.095
22938,2019-04-30,2945.830078,2019-06-20,2954.179932,51.0,8.35,0.283
22974,2019-06-20,2954.179932,2019-07-01,2964.330078,11.0,10.15,0.344
22981,2019-07-01,2964.330078,2019-07-02,2973.01001,1.0,8.68,0.293
22982,2019-07-02,2973.01001,2019-07-03,2995.820068,1.0,22.81,0.767
22983,2019-07-03,2995.820068,2019-07-11,2999.909912,8.0,4.09,0.137
22988,2019-07-11,2999.909912,2019-07-12,3013.77002,1.0,13.86,0.462
22989,2019-07-12,3013.77002,2019-07-15,3014.300049,3.0,0.53,0.018
22990,2019-07-15,3014.300049,2019-07-24,3019.560059,9.0,5.26,0.175
22997,2019-07-24,3019.560059,2019-07-26,3025.860107,2.0,6.3,0.209
22999,2019-07-26,3025.860107,2019-10-28,3039.419922,94.0,13.56,0.448
23064,2019-10-28,3039.419922,2019-10-30,3046.77002,2.0,7.35,0.242
23066,2019-10-30,3046.77002,2019-11-01,3066.909912,2.0,20.14,0.661
23068,2019-11-01,3066.909912,2019-11-04,3078.27002,3.0,11.36,0.37
23069,2019-11-04,3078.27002,2019-11-07,3085.179932,3.0,6.91,0.224
23072,2019-11-07,3085.179932,2019-11-08,3093.080078,1.0,7.9,0.256
23073,2019-11-08,3093.080078,2019-11-13,3094.040039,5.0,0.96,0.031
23076,2019-11-13,3094.040039,2019-11-14,3096.6298829999996,1.0,2.59,0.084
23077,2019-11-14,3096.6298829999996,2019-11-15,3120.459961,1.0,23.83,0.77
23078,2019-11-15,3120.459961,2019-11-18,3122.030029,3.0,1.57,0.05
23079,2019-11-18,3122.030029,2019-11-25,3133.639893,7.0,11.61,0.372
23084,2019-11-25,3133.639893,2019-11-26,3140.52002,1.0,6.88,0.22
23085,2019-11-26,3140.52002,2019-11-27,3153.6298829999996,1.0,13.11,0.417
23086,2019-11-27,3153.6298829999996,2019-12-12,3168.570068,15.0,14.94,0.474
23096,2019-12-12,3168.570068,2019-12-13,3168.800049,1.0,0.23,0.007
23097,2019-12-13,3168.800049,2019-12-16,3191.449951,3.0,22.65,0.715
23098,2019-12-16,3191.449951,2019-12-17,3192.52002,1.0,1.07,0.034
23099,2019-12-17,3192.52002,2019-12-19,3205.3701170000004,2.0,12.85,0.403
23101,2019-12-19,3205.3701170000004,2019-12-20,3221.219971,1.0,15.85,0.494
23102,2019-12-20,3221.219971,2019-12-23,3224.01001,3.0,2.79,0.087
23103,2019-12-23,3224.01001,2019-12-26,3239.909912,3.0,15.9,0.493
23105,2019-12-26,3239.909912,2019-12-27,3240.02002,1.0,0.11,0.003
23106,2019-12-27,3240.02002,2020-01-02,3257.850098,6.0,17.83,0.55
23109,2020-01-02,3257.850098,2020-01-09,3274.699951,7.0,16.85,0.517
23114,2020-01-09,3274.699951,2020-01-13,3288.1298829999996,4.0,13.43,0.41
23116,2020-01-13,3288.1298829999996,2020-01-15,3289.290039,2.0,1.16,0.035
23118,2020-01-15,3289.290039,2020-01-16,3316.810059,1.0,27.52,0.837
23119,2020-01-16,3316.810059,2020-01-17,3329.6201170000004,1.0,12.81,0.386
23120,2020-01-17,3329.6201170000004,2020-02-05,3334.689941,19.0,5.07,0.152
23132,2020-02-05,3334.689941,2020-02-06,3345.780029,1.0,11.09,0.333
23133,2020-02-06,3345.780029,2020-02-10,3352.090088,4.0,6.31,0.189
23135,2020-02-10,3352.090088,2020-02-11,3357.75,1.0,5.66,0.169
23136,2020-02-11,3357.75,2020-02-12,3379.4499509999996,1.0,21.7,0.646
23137,2020-02-12,3379.4499509999996,2020-02-14,3380.1599119999996,2.0,0.71,0.021
23139,2020-02-14,3380.1599119999996,2020-02-19,3386.149902,5.0,5.99,0.177
23141,2020-02-19,3386.149902,,,,,
