dip,holding period,start year,end year,buy days,buy days (%),return (%)
-50,1,1955,1956,0,0.0,
-50,1,1956,1957,0,0.0,
-50,1,1957,1958,0,0.0,
-50,1,1958,1959,0,0.0,
-50,1,1959,1960,0,0.0,
-50,1,1960,1961,0,0.0,
-50,1,1961,1962,0,0.0,
-50,1,1962,1963,0,0.0,
-50,1,1963,1964,0,0.0,
-50,1,1964,1965,0,0.0,
-50,1,1965,1966,0,0.0,
-50,1,1966,1967,0,0.0,
-50,1,1967,1968,0,0.0,
-50,1,1968,1969,0,0.0,
-50,1,1969,1970,0,0.0,
-50,1,1970,1971,0,0.0,
-50,1,1971,1972,0,0.0,
-50,1,1972,1973,0,0.0,
-50,1,1973,1974,0,0.0,
-50,1,1974,1975,0,0.0,
-50,1,1975,1976,0,0.0,
-50,1,1976,1977,0,0.0,
-50,1,1977,1978,0,0.0,
-50,1,1978,1979,0,0.0,
-50,1,1979,1980,0,0.0,
-50,1,1980,1981,0,0.0,
-50,1,1981,1982,0,0.0,
-50,1,1982,1983,0,0.0,
-50,1,1983,1984,0,0.0,
-50,1,1984,1985,0,0.0,
-50,1,1985,1986,0,0.0,
-50,1,1986,1987,0,0.0,
-50,1,1987,1988,0,0.0,
-50,1,1988,1989,0,0.0,
-50,1,1989,1990,0,0.0,
-50,1,1990,1991,0,0.0,
-50,1,1991,1992,0,0.0,
-50,1,1992,1993,0,0.0,
-50,1,1993,1994,0,0.0,
-50,1,1994,1995,0,0.0,
-50,1,1995,1996,0,0.0,
-50,1,1996,1997,0,0.0,
-50,1,1997,1998,0,0.0,
-50,1,1998,1999,0,0.0,
-50,1,1999,2000,0,0.0,
-50,1,2000,2001,0,0.0,
-50,1,2001,2002,0,0.0,
-50,1,2002,2003,0,0.0,
-50,1,2003,2004,0,0.0,
-50,1,2004,2005,0,0.0,
-50,1,2005,2006,0,0.0,
-50,1,2006,2007,0,0.0,
-50,1,2007,2008,0,0.0,
-50,1,2008,2009,1,0.4,20.04
-50,1,2009,2010,20,7.9399999999999995,51.51
-50,1,2010,2011,0,0.0,
-50,1,2011,2012,0,0.0,
-50,1,2012,2013,0,0.0,
-50,1,2013,2014,0,0.0,
-50,1,2014,2015,0,0.0,
-50,1,2015,2016,0,0.0,
-50,1,2016,2017,0,0.0,
-50,1,2017,2018,0,0.0,
-50,1,2018,2019,0,0.0,
-50,1,2019,2020,0,0.0,
-50,2,1954,1956,0,0.0,
-50,2,1955,1957,0,0.0,
-50,2,1956,1958,0,0.0,
-50,2,1957,1959,0,0.0,
-50,2,1958,1960,0,0.0,
-50,2,1959,1961,0,0.0,
-50,2,1960,1962,0,0.0,
-50,2,1961,1963,0,0.0,
-50,2,1962,1964,0,0.0,
-50,2,1963,1965,0,0.0,
-50,2,1964,1966,0,0.0,
-50,2,1965,1967,0,0.0,
-50,2,1966,1968,0,0.0,
-50,2,1967,1969,0,0.0,
-50,2,1968,1970,0,0.0,
-50,2,1969,1971,0,0.0,
-50,2,1970,1972,0,0.0,
-50,2,1971,1973,0,0.0,
-50,2,1972,1974,0,0.0,
-50,2,1973,1975,0,0.0,
-50,2,1974,1976,0,0.0,
-50,2,1975,1977,0,0.0,
-50,2,1976,1978,0,0.0,
-50,2,1977,1979,0,0.0,
-50,2,1978,1980,0,0.0,
-50,2,1979,1981,0,0.0,
-50,2,1980,1982,0,0.0,
-50,2,1981,1983,0,0.0,
-50,2,1982,1984,0,0.0,
-50,2,1983,1985,0,0.0,
-50,2,1984,1986,0,0.0,
-50,2,1985,1987,0,0.0,
-50,2,1986,1988,0,0.0,
-50,2,1987,1989,0,0.0,
-50,2,1988,1990,0,0.0,
-50,2,1989,1991,0,0.0,
-50,2,1990,1992,0,0.0,
-50,2,1991,1993,0,0.0,
-50,2,1992,1994,0,0.0,
-50,2,1993,1995,0,0.0,
-50,2,1994,1996,0,0.0,
-50,2,1995,1997,0,0.0,
-50,2,1996,1998,0,0.0,
-50,2,1997,1999,0,0.0,
-50,2,1998,2000,0,0.0,
-50,2,1999,2001,0,0.0,
-50,2,2000,2002,0,0.0,
-50,2,2001,2003,0,0.0,
-50,2,2002,2004,0,0.0,
-50,2,2003,2005,0,0.0,
-50,2,2004,2006,0,0.0,
-50,2,2005,2007,0,0.0,
-50,2,2006,2008,0,0.0,
-50,2,2007,2009,1,0.2,20.04
-50,2,2008,2010,21,4.16,47.910000000000004
-50,2,2009,2011,20,3.9699999999999998,30.72
-50,2,2010,2012,0,0.0,
-50,2,2011,2013,0,0.0,
-50,2,2012,2014,0,0.0,
-50,2,2013,2015,0,0.0,
-50,2,2014,2016,0,0.0,
-50,2,2015,2017,0,0.0,
-50,2,2016,2018,0,0.0,
-50,2,2017,2019,0,0.0,
-50,2,2018,2020,0,0.0,
-50,3,1953,1956,0,0.0,
-50,3,1954,1957,0,0.0,
-50,3,1955,1958,0,0.0,
-50,3,1956,1959,0,0.0,
-50,3,1957,1960,0,0.0,
-50,3,1958,1961,0,0.0,
-50,3,1959,1962,0,0.0,
-50,3,1960,1963,0,0.0,
-50,3,1961,1964,0,0.0,
-50,3,1962,1965,0,0.0,
-50,3,1963,1966,0,0.0,
-50,3,1964,1967,0,0.0,
-50,3,1965,1968,0,0.0,
-50,3,1966,1969,0,0.0,
-50,3,1967,1970,0,0.0,
-50,3,1968,1971,0,0.0,
-50,3,1969,1972,0,0.0,
-50,3,1970,1973,0,0.0,
-50,3,1971,1974,0,0.0,
-50,3,1972,1975,0,0.0,
-50,3,1973,1976,0,0.0,
-50,3,1974,1977,0,0.0,
-50,3,1975,1978,0,0.0,
-50,3,1976,1979,0,0.0,
-50,3,1977,1980,0,0.0,
-50,3,1978,1981,0,0.0,
-50,3,1979,1982,0,0.0,
-50,3,1980,1983,0,0.0,
-50,3,1981,1984,0,0.0,
-50,3,1982,1985,0,0.0,
-50,3,1983,1986,0,0.0,
-50,3,1984,1987,0,0.0,
-50,3,1985,1988,0,0.0,
-50,3,1986,1989,0,0.0,
-50,3,1987,1990,0,0.0,
-50,3,1988,1991,0,0.0,
-50,3,1989,1992,0,0.0,
-50,3,1990,1993,0,0.0,
-50,3,1991,1994,0,0.0,
-50,3,1992,1995,0,0.0,
-50,3,1993,1996,0,0.0,
-50,3,1994,1997,0,0.0,
-50,3,1995,1998,0,0.0,
-50,3,1996,1999,0,0.0,
-50,3,1997,2000,0,0.0,
-50,3,1998,2001,0,0.0,
-50,3,1999,2002,0,0.0,
-50,3,2000,2003,0,0.0,
-50,3,2001,2004,0,0.0,
-50,3,2002,2005,0,0.0,
-50,3,2003,2006,0,0.0,
-50,3,2004,2007,0,0.0,
-50,3,2005,2008,0,0.0,
-50,3,2006,2009,1,0.13,20.04
-50,3,2007,2010,21,2.78,47.910000000000004
-50,3,2008,2011,21,2.77,29.720000000000002
-50,3,2009,2012,20,2.65,19.55
-50,3,2010,2013,0,0.0,
-50,3,2011,2014,0,0.0,
-50,3,2012,2015,0,0.0,
-50,3,2013,2016,0,0.0,
-50,3,2014,2017,0,0.0,
-50,3,2015,2018,0,0.0,
-50,3,2016,2019,0,0.0,
-50,3,2017,2020,0,0.0,
-50,4,1952,1956,0,0.0,
-50,4,1953,1957,0,0.0,
-50,4,1954,1958,0,0.0,
-50,4,1955,1959,0,0.0,
-50,4,1956,1960,0,0.0,
-50,4,1957,1961,0,0.0,
-50,4,1958,1962,0,0.0,
-50,4,1959,1963,0,0.0,
-50,4,1960,1964,0,0.0,
-50,4,1961,1965,0,0.0,
-50,4,1962,1966,0,0.0,
-50,4,1963,1967,0,0.0,
-50,4,1964,1968,0,0.0,
-50,4,1965,1969,0,0.0,
-50,4,1966,1970,0,0.0,
-50,4,1967,1971,0,0.0,
-50,4,1968,1972,0,0.0,
-50,4,1969,1973,0,0.0,
-50,4,1970,1974,0,0.0,
-50,4,1971,1975,0,0.0,
-50,4,1972,1976,0,0.0,
-50,4,1973,1977,0,0.0,
-50,4,1974,1978,0,0.0,
-50,4,1975,1979,0,0.0,
-50,4,1976,1980,0,0.0,
-50,4,1977,1981,0,0.0,
-50,4,1978,1982,0,0.0,
-50,4,1979,1983,0,0.0,
-50,4,1980,1984,0,0.0,
-50,4,1981,1985,0,0.0,
-50,4,1982,1986,0,0.0,
-50,4,1983,1987,0,0.0,
-50,4,1984,1988,0,0.0,
-50,4,1985,1989,0,0.0,
-50,4,1986,1990,0,0.0,
-50,4,1987,1991,0,0.0,
-50,4,1988,1992,0,0.0,
-50,4,1989,1993,0,0.0,
-50,4,1990,1994,0,0.0,
-50,4,1991,1995,0,0.0,
-50,4,1992,1996,0,0.0,
-50,4,1993,1997,0,0.0,
-50,4,1994,1998,0,0.0,
-50,4,1995,1999,0,0.0,
-50,4,1996,2000,0,0.0,
-50,4,1997,2001,0,0.0,
-50,4,1998,2002,0,0.0,
-50,4,1999,2003,0,0.0,
-50,4,2000,2004,0,0.0,
-50,4,2001,2005,0,0.0,
-50,4,2002,2006,0,0.0,
-50,4,2003,2007,0,0.0,
-50,4,2004,2008,0,0.0,
-50,4,2005,2009,1,0.1,20.04
-50,4,2006,2010,21,2.09,47.910000000000004
-50,4,2007,2011,21,2.08,29.720000000000002
-50,4,2008,2012,21,2.08,19.139999999999997
-50,4,2009,2013,20,1.9900000000000002,17.990000000000002
-50,4,2010,2014,0,0.0,
-50,4,2011,2015,0,0.0,
-50,4,2012,2016,0,0.0,
-50,4,2013,2017,0,0.0,
-50,4,2014,2018,0,0.0,
-50,4,2015,2019,0,0.0,
-50,4,2016,2020,0,0.0,
-50,5,1951,1956,0,0.0,
-50,5,1952,1957,0,0.0,
-50,5,1953,1958,0,0.0,
-50,5,1954,1959,0,0.0,
-50,5,1955,1960,0,0.0,
-50,5,1956,1961,0,0.0,
-50,5,1957,1962,0,0.0,
-50,5,1958,1963,0,0.0,
-50,5,1959,1964,0,0.0,
-50,5,1960,1965,0,0.0,
-50,5,1961,1966,0,0.0,
-50,5,1962,1967,0,0.0,
-50,5,1963,1968,0,0.0,
-50,5,1964,1969,0,0.0,
-50,5,1965,1970,0,0.0,
-50,5,1966,1971,0,0.0,
-50,5,1967,1972,0,0.0,
-50,5,1968,1973,0,0.0,
-50,5,1969,1974,0,0.0,
-50,5,1970,1975,0,0.0,
-50,5,1971,1976,0,0.0,
-50,5,1972,1977,0,0.0,
-50,5,1973,1978,0,0.0,
-50,5,1974,1979,0,0.0,
-50,5,1975,1980,0,0.0,
-50,5,1976,1981,0,0.0,
-50,5,1977,1982,0,0.0,
-50,5,1978,1983,0,0.0,
-50,5,1979,1984,0,0.0,
-50,5,1980,1985,0,0.0,
-50,5,1981,1986,0,0.0,
-50,5,1982,1987,0,0.0,
-50,5,1983,1988,0,0.0,
-50,5,1984,1989,0,0.0,
-50,5,1985,1990,0,0.0,
-50,5,1986,1991,0,0.0,
-50,5,1987,1992,0,0.0,
-50,5,1988,1993,0,0.0,
-50,5,1989,1994,0,0.0,
-50,5,1990,1995,0,0.0,
-50,5,1991,1996,0,0.0,
-50,5,1992,1997,0,0.0,
-50,5,1993,1998,0,0.0,
-50,5,1994,1999,0,0.0,
-50,5,1995,2000,0,0.0,
-50,5,1996,2001,0,0.0,
-50,5,1997,2002,0,0.0,
-50,5,1998,2003,0,0.0,
-50,5,1999,2004,0,0.0,
-50,5,2000,2005,0,0.0,
-50,5,2001,2006,0,0.0,
-50,5,2002,2007,0,0.0,
-50,5,2003,2008,0,0.0,
-50,5,2004,2009,1,0.08,20.04
-50,5,2005,2010,21,1.67,47.910000000000004
-50,5,2006,2011,21,1.67,29.720000000000002
-50,5,2007,2012,21,1.67,19.139999999999997
-50,5,2008,2013,21,1.67,17.7
-50,5,2009,2014,20,1.59,20.22
-50,5,2010,2015,0,0.0,
-50,5,2011,2016,0,0.0,
-50,5,2012,2017,0,0.0,
-50,5,2013,2018,0,0.0,
-50,5,2014,2019,0,0.0,
-50,5,2015,2020,0,0.0,
-50,6,1950,1956,0,0.0,
-50,6,1951,1957,0,0.0,
-50,6,1952,1958,0,0.0,
-50,6,1953,1959,0,0.0,
-50,6,1954,1960,0,0.0,
-50,6,1955,1961,0,0.0,
-50,6,1956,1962,0,0.0,
-50,6,1957,1963,0,0.0,
-50,6,1958,1964,0,0.0,
-50,6,1959,1965,0,0.0,
-50,6,1960,1966,0,0.0,
-50,6,1961,1967,0,0.0,
-50,6,1962,1968,0,0.0,
-50,6,1963,1969,0,0.0,
-50,6,1964,1970,0,0.0,
-50,6,1965,1971,0,0.0,
-50,6,1966,1972,0,0.0,
-50,6,1967,1973,0,0.0,
-50,6,1968,1974,0,0.0,
-50,6,1969,1975,0,0.0,
-50,6,1970,1976,0,0.0,
-50,6,1971,1977,0,0.0,
-50,6,1972,1978,0,0.0,
-50,6,1973,1979,0,0.0,
-50,6,1974,1980,0,0.0,
-50,6,1975,1981,0,0.0,
-50,6,1976,1982,0,0.0,
-50,6,1977,1983,0,0.0,
-50,6,1978,1984,0,0.0,
-50,6,1979,1985,0,0.0,
-50,6,1980,1986,0,0.0,
-50,6,1981,1987,0,0.0,
-50,6,1982,1988,0,0.0,
-50,6,1983,1989,0,0.0,
-50,6,1984,1990,0,0.0,
-50,6,1985,1991,0,0.0,
-50,6,1986,1992,0,0.0,
-50,6,1987,1993,0,0.0,
-50,6,1988,1994,0,0.0,
-50,6,1989,1995,0,0.0,
-50,6,1990,1996,0,0.0,
-50,6,1991,1997,0,0.0,
-50,6,1992,1998,0,0.0,
-50,6,1993,1999,0,0.0,
-50,6,1994,2000,0,0.0,
-50,6,1995,2001,0,0.0,
-50,6,1996,2002,0,0.0,
-50,6,1997,2003,0,0.0,
-50,6,1998,2004,0,0.0,
-50,6,1999,2005,0,0.0,
-50,6,2000,2006,0,0.0,
-50,6,2001,2007,0,0.0,
-50,6,2002,2008,0,0.0,
-50,6,2003,2009,1,0.06999999999999999,20.04
-50,6,2004,2010,21,1.39,47.910000000000004
-50,6,2005,2011,21,1.39,29.720000000000002
-50,6,2006,2012,21,1.39,19.139999999999997
-50,6,2007,2013,21,1.39,17.7
-50,6,2008,2014,21,1.39,19.96
-50,6,2009,2015,20,1.32,18.7
-50,6,2010,2016,0,0.0,
-50,6,2011,2017,0,0.0,
-50,6,2012,2018,0,0.0,
-50,6,2013,2019,0,0.0,
-50,6,2014,2020,0,0.0,
-50,7,1949,1956,0,0.0,
-50,7,1950,1957,0,0.0,
-50,7,1951,1958,0,0.0,
-50,7,1952,1959,0,0.0,
-50,7,1953,1960,0,0.0,
-50,7,1954,1961,0,0.0,
-50,7,1955,1962,0,0.0,
-50,7,1956,1963,0,0.0,
-50,7,1957,1964,0,0.0,
-50,7,1958,1965,0,0.0,
-50,7,1959,1966,0,0.0,
-50,7,1960,1967,0,0.0,
-50,7,1961,1968,0,0.0,
-50,7,1962,1969,0,0.0,
-50,7,1963,1970,0,0.0,
-50,7,1964,1971,0,0.0,
-50,7,1965,1972,0,0.0,
-50,7,1966,1973,0,0.0,
-50,7,1967,1974,0,0.0,
-50,7,1968,1975,0,0.0,
-50,7,1969,1976,0,0.0,
-50,7,1970,1977,0,0.0,
-50,7,1971,1978,0,0.0,
-50,7,1972,1979,0,0.0,
-50,7,1973,1980,0,0.0,
-50,7,1974,1981,0,0.0,
-50,7,1975,1982,0,0.0,
-50,7,1976,1983,0,0.0,
-50,7,1977,1984,0,0.0,
-50,7,1978,1985,0,0.0,
-50,7,1979,1986,0,0.0,
-50,7,1980,1987,0,0.0,
-50,7,1981,1988,0,0.0,
-50,7,1982,1989,0,0.0,
-50,7,1983,1990,0,0.0,
-50,7,1984,1991,0,0.0,
-50,7,1985,1992,0,0.0,
-50,7,1986,1993,0,0.0,
-50,7,1987,1994,0,0.0,
-50,7,1988,1995,0,0.0,
-50,7,1989,1996,0,0.0,
-50,7,1990,1997,0,0.0,
-50,7,1991,1998,0,0.0,
-50,7,1992,1999,0,0.0,
-50,7,1993,2000,0,0.0,
-50,7,1994,2001,0,0.0,
-50,7,1995,2002,0,0.0,
-50,7,1996,2003,0,0.0,
-50,7,1997,2004,0,0.0,
-50,7,1998,2005,0,0.0,
-50,7,1999,2006,0,0.0,
-50,7,2000,2007,0,0.0,
-50,7,2001,2008,0,0.0,
-50,7,2002,2009,1,0.06,20.04
-50,7,2003,2010,21,1.1900000000000002,47.910000000000004
-50,7,2004,2011,21,1.1900000000000002,29.720000000000002
-50,7,2005,2012,21,1.1900000000000002,19.139999999999997
-50,7,2006,2013,21,1.1900000000000002,17.7
-50,7,2007,2014,21,1.1900000000000002,19.96
-50,7,2008,2015,21,1.1900000000000002,18.5
-50,7,2009,2016,20,1.1400000000000001,15.709999999999999
-50,7,2010,2017,0,0.0,
-50,7,2011,2018,0,0.0,
-50,7,2012,2019,0,0.0,
-50,7,2013,2020,0,0.0,
-50,8,1948,1956,0,0.0,
-50,8,1949,1957,0,0.0,
-50,8,1950,1958,0,0.0,
-50,8,1951,1959,0,0.0,
-50,8,1952,1960,0,0.0,
-50,8,1953,1961,0,0.0,
-50,8,1954,1962,0,0.0,
-50,8,1955,1963,0,0.0,
-50,8,1956,1964,0,0.0,
-50,8,1957,1965,0,0.0,
-50,8,1958,1966,0,0.0,
-50,8,1959,1967,0,0.0,
-50,8,1960,1968,0,0.0,
-50,8,1961,1969,0,0.0,
-50,8,1962,1970,0,0.0,
-50,8,1963,1971,0,0.0,
-50,8,1964,1972,0,0.0,
-50,8,1965,1973,0,0.0,
-50,8,1966,1974,0,0.0,
-50,8,1967,1975,0,0.0,
-50,8,1968,1976,0,0.0,
-50,8,1969,1977,0,0.0,
-50,8,1970,1978,0,0.0,
-50,8,1971,1979,0,0.0,
-50,8,1972,1980,0,0.0,
-50,8,1973,1981,0,0.0,
-50,8,1974,1982,0,0.0,
-50,8,1975,1983,0,0.0,
-50,8,1976,1984,0,0.0,
-50,8,1977,1985,0,0.0,
-50,8,1978,1986,0,0.0,
-50,8,1979,1987,0,0.0,
-50,8,1980,1988,0,0.0,
-50,8,1981,1989,0,0.0,
-50,8,1982,1990,0,0.0,
-50,8,1983,1991,0,0.0,
-50,8,1984,1992,0,0.0,
-50,8,1985,1993,0,0.0,
-50,8,1986,1994,0,0.0,
-50,8,1987,1995,0,0.0,
-50,8,1988,1996,0,0.0,
-50,8,1989,1997,0,0.0,
-50,8,1990,1998,0,0.0,
-50,8,1991,1999,0,0.0,
-50,8,1992,2000,0,0.0,
-50,8,1993,2001,0,0.0,
-50,8,1994,2002,0,0.0,
-50,8,1995,2003,0,0.0,
-50,8,1996,2004,0,0.0,
-50,8,1997,2005,0,0.0,
-50,8,1998,2006,0,0.0,
-50,8,1999,2007,0,0.0,
-50,8,2000,2008,0,0.0,
-50,8,2001,2009,1,0.05,20.04
-50,8,2002,2010,21,1.04,47.910000000000004
-50,8,2003,2011,21,1.04,29.720000000000002
-50,8,2004,2012,21,1.04,19.139999999999997
-50,8,2005,2013,21,1.04,17.7
-50,8,2006,2014,21,1.04,19.96
-50,8,2007,2015,21,1.04,18.5
-50,8,2008,2016,21,1.04,15.57
-50,8,2009,2017,20,0.9900000000000001,14.92
-50,8,2010,2018,0,0.0,
-50,8,2011,2019,0,0.0,
-50,8,2012,2020,0,0.0,
-50,9,1947,1956,0,0.0,
-50,9,1948,1957,0,0.0,
-50,9,1949,1958,0,0.0,
-50,9,1950,1959,0,0.0,
-50,9,1951,1960,0,0.0,
-50,9,1952,1961,0,0.0,
-50,9,1953,1962,0,0.0,
-50,9,1954,1963,0,0.0,
-50,9,1955,1964,0,0.0,
-50,9,1956,1965,0,0.0,
-50,9,1957,1966,0,0.0,
-50,9,1958,1967,0,0.0,
-50,9,1959,1968,0,0.0,
-50,9,1960,1969,0,0.0,
-50,9,1961,1970,0,0.0,
-50,9,1962,1971,0,0.0,
-50,9,1963,1972,0,0.0,
-50,9,1964,1973,0,0.0,
-50,9,1965,1974,0,0.0,
-50,9,1966,1975,0,0.0,
-50,9,1967,1976,0,0.0,
-50,9,1968,1977,0,0.0,
-50,9,1969,1978,0,0.0,
-50,9,1970,1979,0,0.0,
-50,9,1971,1980,0,0.0,
-50,9,1972,1981,0,0.0,
-50,9,1973,1982,0,0.0,
-50,9,1974,1983,0,0.0,
-50,9,1975,1984,0,0.0,
-50,9,1976,1985,0,0.0,
-50,9,1977,1986,0,0.0,
-50,9,1978,1987,0,0.0,
-50,9,1979,1988,0,0.0,
-50,9,1980,1989,0,0.0,
-50,9,1981,1990,0,0.0,
-50,9,1982,1991,0,0.0,
-50,9,1983,1992,0,0.0,
-50,9,1984,1993,0,0.0,
-50,9,1985,1994,0,0.0,
-50,9,1986,1995,0,0.0,
-50,9,1987,1996,0,0.0,
-50,9,1988,1997,0,0.0,
-50,9,1989,1998,0,0.0,
-50,9,1990,1999,0,0.0,
-50,9,1991,2000,0,0.0,
-50,9,1992,2001,0,0.0,
-50,9,1993,2002,0,0.0,
-50,9,1994,2003,0,0.0,
-50,9,1995,2004,0,0.0,
-50,9,1996,2005,0,0.0,
-50,9,1997,2006,0,0.0,
-50,9,1998,2007,0,0.0,
-50,9,1999,2008,0,0.0,
-50,9,2000,2009,1,0.04,20.04
-50,9,2001,2010,21,0.9299999999999999,47.910000000000004
-50,9,2002,2011,21,0.9299999999999999,29.720000000000002
-50,9,2003,2012,21,0.9299999999999999,19.139999999999997
-50,9,2004,2013,21,0.9299999999999999,17.7
-50,9,2005,2014,21,0.9299999999999999,19.96
-50,9,2006,2015,21,0.9299999999999999,18.5
-50,9,2007,2016,21,0.9299999999999999,15.57
-50,9,2008,2017,21,0.9299999999999999,14.799999999999999
-50,9,2009,2018,20,0.88,15.409999999999998
-50,9,2010,2019,0,0.0,
-50,9,2011,2020,0,0.0,
-50,10,1946,1956,0,0.0,
-50,10,1947,1957,0,0.0,
-50,10,1948,1958,0,0.0,
-50,10,1949,1959,0,0.0,
-50,10,1950,1960,0,0.0,
-50,10,1951,1961,0,0.0,
-50,10,1952,1962,0,0.0,
-50,10,1953,1963,0,0.0,
-50,10,1954,1964,0,0.0,
-50,10,1955,1965,0,0.0,
-50,10,1956,1966,0,0.0,
-50,10,1957,1967,0,0.0,
-50,10,1958,1968,0,0.0,
-50,10,1959,1969,0,0.0,
-50,10,1960,1970,0,0.0,
-50,10,1961,1971,0,0.0,
-50,10,1962,1972,0,0.0,
-50,10,1963,1973,0,0.0,
-50,10,1964,1974,0,0.0,
-50,10,1965,1975,0,0.0,
-50,10,1966,1976,0,0.0,
-50,10,1967,1977,0,0.0,
-50,10,1968,1978,0,0.0,
-50,10,1969,1979,0,0.0,
-50,10,1970,1980,0,0.0,
-50,10,1971,1981,0,0.0,
-50,10,1972,1982,0,0.0,
-50,10,1973,1983,0,0.0,
-50,10,1974,1984,0,0.0,
-50,10,1975,1985,0,0.0,
-50,10,1976,1986,0,0.0,
-50,10,1977,1987,0,0.0,
-50,10,1978,1988,0,0.0,
-50,10,1979,1989,0,0.0,
-50,10,1980,1990,0,0.0,
-50,10,1981,1991,0,0.0,
-50,10,1982,1992,0,0.0,
-50,10,1983,1993,0,0.0,
-50,10,1984,1994,0,0.0,
-50,10,1985,1995,0,0.0,
-50,10,1986,1996,0,0.0,
-50,10,1987,1997,0,0.0,
-50,10,1988,1998,0,0.0,
-50,10,1989,1999,0,0.0,
-50,10,1990,2000,0,0.0,
-50,10,1991,2001,0,0.0,
-50,10,1992,2002,0,0.0,
-50,10,1993,2003,0,0.0,
-50,10,1994,2004,0,0.0,
-50,10,1995,2005,0,0.0,
-50,10,1996,2006,0,0.0,
-50,10,1997,2007,0,0.0,
-50,10,1998,2008,0,0.0,
-50,10,1999,2009,1,0.04,20.04
-50,10,2000,2010,21,0.83,47.910000000000004
-50,10,2001,2011,21,0.83,29.720000000000002
-50,10,2002,2012,21,0.83,19.139999999999997
-50,10,2003,2013,21,0.83,17.7
-50,10,2004,2014,21,0.83,19.96
-50,10,2005,2015,21,0.83,18.5
-50,10,2006,2016,21,0.83,15.57
-50,10,2007,2017,21,0.83,14.799999999999999
-50,10,2008,2018,21,0.83,15.299999999999999
-50,10,2009,2019,20,0.79,13.04
-50,10,2010,2020,0,0.0,
-50,11,1945,1956,0,0.0,
-50,11,1946,1957,0,0.0,
-50,11,1947,1958,0,0.0,
-50,11,1948,1959,0,0.0,
-50,11,1949,1960,0,0.0,
-50,11,1950,1961,0,0.0,
-50,11,1951,1962,0,0.0,
-50,11,1952,1963,0,0.0,
-50,11,1953,1964,0,0.0,
-50,11,1954,1965,0,0.0,
-50,11,1955,1966,0,0.0,
-50,11,1956,1967,0,0.0,
-50,11,1957,1968,0,0.0,
-50,11,1958,1969,0,0.0,
-50,11,1959,1970,0,0.0,
-50,11,1960,1971,0,0.0,
-50,11,1961,1972,0,0.0,
-50,11,1962,1973,0,0.0,
-50,11,1963,1974,0,0.0,
-50,11,1964,1975,0,0.0,
-50,11,1965,1976,0,0.0,
-50,11,1966,1977,0,0.0,
-50,11,1967,1978,0,0.0,
-50,11,1968,1979,0,0.0,
-50,11,1969,1980,0,0.0,
-50,11,1970,1981,0,0.0,
-50,11,1971,1982,0,0.0,
-50,11,1972,1983,0,0.0,
-50,11,1973,1984,0,0.0,
-50,11,1974,1985,0,0.0,
-50,11,1975,1986,0,0.0,
-50,11,1976,1987,0,0.0,
-50,11,1977,1988,0,0.0,
-50,11,1978,1989,0,0.0,
-50,11,1979,1990,0,0.0,
-50,11,1980,1991,0,0.0,
-50,11,1981,1992,0,0.0,
-50,11,1982,1993,0,0.0,
-50,11,1983,1994,0,0.0,
-50,11,1984,1995,0,0.0,
-50,11,1985,1996,0,0.0,
-50,11,1986,1997,0,0.0,
-50,11,1987,1998,0,0.0,
-50,11,1988,1999,0,0.0,
-50,11,1989,2000,0,0.0,
-50,11,1990,2001,0,0.0,
-50,11,1991,2002,0,0.0,
-50,11,1992,2003,0,0.0,
-50,11,1993,2004,0,0.0,
-50,11,1994,2005,0,0.0,
-50,11,1995,2006,0,0.0,
-50,11,1996,2007,0,0.0,
-50,11,1997,2008,0,0.0,
-50,11,1998,2009,1,0.04,20.04
-50,11,1999,2010,21,0.76,47.910000000000004
-50,11,2000,2011,21,0.76,29.720000000000002
-50,11,2001,2012,21,0.76,19.139999999999997
-50,11,2002,2013,21,0.76,17.7
-50,11,2003,2014,21,0.76,19.96
-50,11,2004,2015,21,0.76,18.5
-50,11,2005,2016,21,0.76,15.57
-50,11,2006,2017,21,0.76,14.799999999999999
-50,11,2007,2018,21,0.76,15.299999999999999
-50,11,2008,2019,21,0.76,12.959999999999999
-50,11,2009,2020,20,0.72,14.39
-50,12,1944,1956,0,0.0,
-50,12,1945,1957,0,0.0,
-50,12,1946,1958,0,0.0,
-50,12,1947,1959,0,0.0,
-50,12,1948,1960,0,0.0,
-50,12,1949,1961,0,0.0,
-50,12,1950,1962,0,0.0,
-50,12,1951,1963,0,0.0,
-50,12,1952,1964,0,0.0,
-50,12,1953,1965,0,0.0,
-50,12,1954,1966,0,0.0,
-50,12,1955,1967,0,0.0,
-50,12,1956,1968,0,0.0,
-50,12,1957,1969,0,0.0,
-50,12,1958,1970,0,0.0,
-50,12,1959,1971,0,0.0,
-50,12,1960,1972,0,0.0,
-50,12,1961,1973,0,0.0,
-50,12,1962,1974,0,0.0,
-50,12,1963,1975,0,0.0,
-50,12,1964,1976,0,0.0,
-50,12,1965,1977,0,0.0,
-50,12,1966,1978,0,0.0,
-50,12,1967,1979,0,0.0,
-50,12,1968,1980,0,0.0,
-50,12,1969,1981,0,0.0,
-50,12,1970,1982,0,0.0,
-50,12,1971,1983,0,0.0,
-50,12,1972,1984,0,0.0,
-50,12,1973,1985,0,0.0,
-50,12,1974,1986,0,0.0,
-50,12,1975,1987,0,0.0,
-50,12,1976,1988,0,0.0,
-50,12,1977,1989,0,0.0,
-50,12,1978,1990,0,0.0,
-50,12,1979,1991,0,0.0,
-50,12,1980,1992,0,0.0,
-50,12,1981,1993,0,0.0,
-50,12,1982,1994,0,0.0,
-50,12,1983,1995,0,0.0,
-50,12,1984,1996,0,0.0,
-50,12,1985,1997,0,0.0,
-50,12,1986,1998,0,0.0,
-50,12,1987,1999,0,0.0,
-50,12,1988,2000,0,0.0,
-50,12,1989,2001,0,0.0,
-50,12,1990,2002,0,0.0,
-50,12,1991,2003,0,0.0,
-50,12,1992,2004,0,0.0,
-50,12,1993,2005,0,0.0,
-50,12,1994,2006,0,0.0,
-50,12,1995,2007,0,0.0,
-50,12,1996,2008,0,0.0,
-50,12,1997,2009,1,0.03,20.04
-50,12,1998,2010,21,0.7000000000000001,47.910000000000004
-50,12,1999,2011,21,0.7000000000000001,29.720000000000002
-50,12,2000,2012,21,0.7000000000000001,19.139999999999997
-50,12,2001,2013,21,0.7000000000000001,17.7
-50,12,2002,2014,21,0.7000000000000001,19.96
-50,12,2003,2015,21,0.7000000000000001,18.5
-50,12,2004,2016,21,0.7000000000000001,15.57
-50,12,2005,2017,21,0.7000000000000001,14.799999999999999
-50,12,2006,2018,21,0.7000000000000001,15.299999999999999
-50,12,2007,2019,21,0.7000000000000001,12.959999999999999
-50,12,2008,2020,21,0.7000000000000001,14.31
-50,13,1943,1956,0,0.0,
-50,13,1944,1957,0,0.0,
-50,13,1945,1958,0,0.0,
-50,13,1946,1959,0,0.0,
-50,13,1947,1960,0,0.0,
-50,13,1948,1961,0,0.0,
-50,13,1949,1962,0,0.0,
-50,13,1950,1963,0,0.0,
-50,13,1951,1964,0,0.0,
-50,13,1952,1965,0,0.0,
-50,13,1953,1966,0,0.0,
-50,13,1954,1967,0,0.0,
-50,13,1955,1968,0,0.0,
-50,13,1956,1969,0,0.0,
-50,13,1957,1970,0,0.0,
-50,13,1958,1971,0,0.0,
-50,13,1959,1972,0,0.0,
-50,13,1960,1973,0,0.0,
-50,13,1961,1974,0,0.0,
-50,13,1962,1975,0,0.0,
-50,13,1963,1976,0,0.0,
-50,13,1964,1977,0,0.0,
-50,13,1965,1978,0,0.0,
-50,13,1966,1979,0,0.0,
-50,13,1967,1980,0,0.0,
-50,13,1968,1981,0,0.0,
-50,13,1969,1982,0,0.0,
-50,13,1970,1983,0,0.0,
-50,13,1971,1984,0,0.0,
-50,13,1972,1985,0,0.0,
-50,13,1973,1986,0,0.0,
-50,13,1974,1987,0,0.0,
-50,13,1975,1988,0,0.0,
-50,13,1976,1989,0,0.0,
-50,13,1977,1990,0,0.0,
-50,13,1978,1991,0,0.0,
-50,13,1979,1992,0,0.0,
-50,13,1980,1993,0,0.0,
-50,13,1981,1994,0,0.0,
-50,13,1982,1995,0,0.0,
-50,13,1983,1996,0,0.0,
-50,13,1984,1997,0,0.0,
-50,13,1985,1998,0,0.0,
-50,13,1986,1999,0,0.0,
-50,13,1987,2000,0,0.0,
-50,13,1988,2001,0,0.0,
-50,13,1989,2002,0,0.0,
-50,13,1990,2003,0,0.0,
-50,13,1991,2004,0,0.0,
-50,13,1992,2005,0,0.0,
-50,13,1993,2006,0,0.0,
-50,13,1994,2007,0,0.0,
-50,13,1995,2008,0,0.0,
-50,13,1996,2009,1,0.03,20.04
-50,13,1997,2010,21,0.64,47.910000000000004
-50,13,1998,2011,21,0.64,29.720000000000002
-50,13,1999,2012,21,0.64,19.139999999999997
-50,13,2000,2013,21,0.64,17.7
-50,13,2001,2014,21,0.64,19.96
-50,13,2002,2015,21,0.64,18.5
-50,13,2003,2016,21,0.64,15.57
-50,13,2004,2017,21,0.64,14.799999999999999
-50,13,2005,2018,21,0.64,15.299999999999999
-50,13,2006,2019,21,0.64,12.959999999999999
-50,13,2007,2020,21,0.64,14.31
-50,14,1942,1956,0,0.0,
-50,14,1943,1957,0,0.0,
-50,14,1944,1958,0,0.0,
-50,14,1945,1959,0,0.0,
-50,14,1946,1960,0,0.0,
-50,14,1947,1961,0,0.0,
-50,14,1948,1962,0,0.0,
-50,14,1949,1963,0,0.0,
-50,14,1950,1964,0,0.0,
-50,14,1951,1965,0,0.0,
-50,14,1952,1966,0,0.0,
-50,14,1953,1967,0,0.0,
-50,14,1954,1968,0,0.0,
-50,14,1955,1969,0,0.0,
-50,14,1956,1970,0,0.0,
-50,14,1957,1971,0,0.0,
-50,14,1958,1972,0,0.0,
-50,14,1959,1973,0,0.0,
-50,14,1960,1974,0,0.0,
-50,14,1961,1975,0,0.0,
-50,14,1962,1976,0,0.0,
-50,14,1963,1977,0,0.0,
-50,14,1964,1978,0,0.0,
-50,14,1965,1979,0,0.0,
-50,14,1966,1980,0,0.0,
-50,14,1967,1981,0,0.0,
-50,14,1968,1982,0,0.0,
-50,14,1969,1983,0,0.0,
-50,14,1970,1984,0,0.0,
-50,14,1971,1985,0,0.0,
-50,14,1972,1986,0,0.0,
-50,14,1973,1987,0,0.0,
-50,14,1974,1988,0,0.0,
-50,14,1975,1989,0,0.0,
-50,14,1976,1990,0,0.0,
-50,14,1977,1991,0,0.0,
-50,14,1978,1992,0,0.0,
-50,14,1979,1993,0,0.0,
-50,14,1980,1994,0,0.0,
-50,14,1981,1995,0,0.0,
-50,14,1982,1996,0,0.0,
-50,14,1983,1997,0,0.0,
-50,14,1984,1998,0,0.0,
-50,14,1985,1999,0,0.0,
-50,14,1986,2000,0,0.0,
-50,14,1987,2001,0,0.0,
-50,14,1988,2002,0,0.0,
-50,14,1989,2003,0,0.0,
-50,14,1990,2004,0,0.0,
-50,14,1991,2005,0,0.0,
-50,14,1992,2006,0,0.0,
-50,14,1993,2007,0,0.0,
-50,14,1994,2008,0,0.0,
-50,14,1995,2009,1,0.03,20.04
-50,14,1996,2010,21,0.6,47.910000000000004
-50,14,1997,2011,21,0.6,29.720000000000002
-50,14,1998,2012,21,0.6,19.139999999999997
-50,14,1999,2013,21,0.6,17.7
-50,14,2000,2014,21,0.6,19.96
-50,14,2001,2015,21,0.6,18.5
-50,14,2002,2016,21,0.6,15.57
-50,14,2003,2017,21,0.6,14.799999999999999
-50,14,2004,2018,21,0.6,15.299999999999999
-50,14,2005,2019,21,0.6,12.959999999999999
-50,14,2006,2020,21,0.6,14.31
-50,15,1941,1956,0,0.0,
-50,15,1942,1957,0,0.0,
-50,15,1943,1958,0,0.0,
-50,15,1944,1959,0,0.0,
-50,15,1945,1960,0,0.0,
-50,15,1946,1961,0,0.0,
-50,15,1947,1962,0,0.0,
-50,15,1948,1963,0,0.0,
-50,15,1949,1964,0,0.0,
-50,15,1950,1965,0,0.0,
-50,15,1951,1966,0,0.0,
-50,15,1952,1967,0,0.0,
-50,15,1953,1968,0,0.0,
-50,15,1954,1969,0,0.0,
-50,15,1955,1970,0,0.0,
-50,15,1956,1971,0,0.0,
-50,15,1957,1972,0,0.0,
-50,15,1958,1973,0,0.0,
-50,15,1959,1974,0,0.0,
-50,15,1960,1975,0,0.0,
-50,15,1961,1976,0,0.0,
-50,15,1962,1977,0,0.0,
-50,15,1963,1978,0,0.0,
-50,15,1964,1979,0,0.0,
-50,15,1965,1980,0,0.0,
-50,15,1966,1981,0,0.0,
-50,15,1967,1982,0,0.0,
-50,15,1968,1983,0,0.0,
-50,15,1969,1984,0,0.0,
-50,15,1970,1985,0,0.0,
-50,15,1971,1986,0,0.0,
-50,15,1972,1987,0,0.0,
-50,15,1973,1988,0,0.0,
-50,15,1974,1989,0,0.0,
-50,15,1975,1990,0,0.0,
-50,15,1976,1991,0,0.0,
-50,15,1977,1992,0,0.0,
-50,15,1978,1993,0,0.0,
-50,15,1979,1994,0,0.0,
-50,15,1980,1995,0,0.0,
-50,15,1981,1996,0,0.0,
-50,15,1982,1997,0,0.0,
-50,15,1983,1998,0,0.0,
-50,15,1984,1999,0,0.0,
-50,15,1985,2000,0,0.0,
-50,15,1986,2001,0,0.0,
-50,15,1987,2002,0,0.0,
-50,15,1988,2003,0,0.0,
-50,15,1989,2004,0,0.0,
-50,15,1990,2005,0,0.0,
-50,15,1991,2006,0,0.0,
-50,15,1992,2007,0,0.0,
-50,15,1993,2008,0,0.0,
-50,15,1994,2009,1,0.03,20.04
-50,15,1995,2010,21,0.5599999999999999,47.910000000000004
-50,15,1996,2011,21,0.5599999999999999,29.720000000000002
-50,15,1997,2012,21,0.5599999999999999,19.139999999999997
-50,15,1998,2013,21,0.5599999999999999,17.7
-50,15,1999,2014,21,0.5599999999999999,19.96
-50,15,2000,2015,21,0.5599999999999999,18.5
-50,15,2001,2016,21,0.5599999999999999,15.57
-50,15,2002,2017,21,0.5599999999999999,14.799999999999999
-50,15,2003,2018,21,0.5599999999999999,15.299999999999999
-50,15,2004,2019,21,0.5599999999999999,12.959999999999999
-50,15,2005,2020,21,0.5599999999999999,14.31
-50,16,1940,1956,0,0.0,
-50,16,1941,1957,0,0.0,
-50,16,1942,1958,0,0.0,
-50,16,1943,1959,0,0.0,
-50,16,1944,1960,0,0.0,
-50,16,1945,1961,0,0.0,
-50,16,1946,1962,0,0.0,
-50,16,1947,1963,0,0.0,
-50,16,1948,1964,0,0.0,
-50,16,1949,1965,0,0.0,
-50,16,1950,1966,0,0.0,
-50,16,1951,1967,0,0.0,
-50,16,1952,1968,0,0.0,
-50,16,1953,1969,0,0.0,
-50,16,1954,1970,0,0.0,
-50,16,1955,1971,0,0.0,
-50,16,1956,1972,0,0.0,
-50,16,1957,1973,0,0.0,
-50,16,1958,1974,0,0.0,
-50,16,1959,1975,0,0.0,
-50,16,1960,1976,0,0.0,
-50,16,1961,1977,0,0.0,
-50,16,1962,1978,0,0.0,
-50,16,1963,1979,0,0.0,
-50,16,1964,1980,0,0.0,
-50,16,1965,1981,0,0.0,
-50,16,1966,1982,0,0.0,
-50,16,1967,1983,0,0.0,
-50,16,1968,1984,0,0.0,
-50,16,1969,1985,0,0.0,
-50,16,1970,1986,0,0.0,
-50,16,1971,1987,0,0.0,
-50,16,1972,1988,0,0.0,
-50,16,1973,1989,0,0.0,
-50,16,1974,1990,0,0.0,
-50,16,1975,1991,0,0.0,
-50,16,1976,1992,0,0.0,
-50,16,1977,1993,0,0.0,
-50,16,1978,1994,0,0.0,
-50,16,1979,1995,0,0.0,
-50,16,1980,1996,0,0.0,
-50,16,1981,1997,0,0.0,
-50,16,1982,1998,0,0.0,
-50,16,1983,1999,0,0.0,
-50,16,1984,2000,0,0.0,
-50,16,1985,2001,0,0.0,
-50,16,1986,2002,0,0.0,
-50,16,1987,2003,0,0.0,
-50,16,1988,2004,0,0.0,
-50,16,1989,2005,0,0.0,
-50,16,1990,2006,0,0.0,
-50,16,1991,2007,0,0.0,
-50,16,1992,2008,0,0.0,
-50,16,1993,2009,1,0.02,20.04
-50,16,1994,2010,21,0.52,47.910000000000004
-50,16,1995,2011,21,0.52,29.720000000000002
-50,16,1996,2012,21,0.52,19.139999999999997
-50,16,1997,2013,21,0.52,17.7
-50,16,1998,2014,21,0.52,19.96
-50,16,1999,2015,21,0.52,18.5
-50,16,2000,2016,21,0.52,15.57
-50,16,2001,2017,21,0.52,14.799999999999999
-50,16,2002,2018,21,0.52,15.299999999999999
-50,16,2003,2019,21,0.52,12.959999999999999
-50,16,2004,2020,21,0.52,14.31
-50,17,1939,1956,0,0.0,
-50,17,1940,1957,0,0.0,
-50,17,1941,1958,0,0.0,
-50,17,1942,1959,0,0.0,
-50,17,1943,1960,0,0.0,
-50,17,1944,1961,0,0.0,
-50,17,1945,1962,0,0.0,
-50,17,1946,1963,0,0.0,
-50,17,1947,1964,0,0.0,
-50,17,1948,1965,0,0.0,
-50,17,1949,1966,0,0.0,
-50,17,1950,1967,0,0.0,
-50,17,1951,1968,0,0.0,
-50,17,1952,1969,0,0.0,
-50,17,1953,1970,0,0.0,
-50,17,1954,1971,0,0.0,
-50,17,1955,1972,0,0.0,
-50,17,1956,1973,0,0.0,
-50,17,1957,1974,0,0.0,
-50,17,1958,1975,0,0.0,
-50,17,1959,1976,0,0.0,
-50,17,1960,1977,0,0.0,
-50,17,1961,1978,0,0.0,
-50,17,1962,1979,0,0.0,
-50,17,1963,1980,0,0.0,
-50,17,1964,1981,0,0.0,
-50,17,1965,1982,0,0.0,
-50,17,1966,1983,0,0.0,
-50,17,1967,1984,0,0.0,
-50,17,1968,1985,0,0.0,
-50,17,1969,1986,0,0.0,
-50,17,1970,1987,0,0.0,
-50,17,1971,1988,0,0.0,
-50,17,1972,1989,0,0.0,
-50,17,1973,1990,0,0.0,
-50,17,1974,1991,0,0.0,
-50,17,1975,1992,0,0.0,
-50,17,1976,1993,0,0.0,
-50,17,1977,1994,0,0.0,
-50,17,1978,1995,0,0.0,
-50,17,1979,1996,0,0.0,
-50,17,1980,1997,0,0.0,
-50,17,1981,1998,0,0.0,
-50,17,1982,1999,0,0.0,
-50,17,1983,2000,0,0.0,
-50,17,1984,2001,0,0.0,
-50,17,1985,2002,0,0.0,
-50,17,1986,2003,0,0.0,
-50,17,1987,2004,0,0.0,
-50,17,1988,2005,0,0.0,
-50,17,1989,2006,0,0.0,
-50,17,1990,2007,0,0.0,
-50,17,1991,2008,0,0.0,
-50,17,1992,2009,1,0.02,20.04
-50,17,1993,2010,21,0.49,47.910000000000004
-50,17,1994,2011,21,0.49,29.720000000000002
-50,17,1995,2012,21,0.49,19.139999999999997
-50,17,1996,2013,21,0.49,17.7
-50,17,1997,2014,21,0.49,19.96
-50,17,1998,2015,21,0.49,18.5
-50,17,1999,2016,21,0.49,15.57
-50,17,2000,2017,21,0.49,14.799999999999999
-50,17,2001,2018,21,0.49,15.299999999999999
-50,17,2002,2019,21,0.49,12.959999999999999
-50,17,2003,2020,21,0.49,14.31
-50,18,1938,1956,0,0.0,
-50,18,1939,1957,0,0.0,
-50,18,1940,1958,0,0.0,
-50,18,1941,1959,0,0.0,
-50,18,1942,1960,0,0.0,
-50,18,1943,1961,0,0.0,
-50,18,1944,1962,0,0.0,
-50,18,1945,1963,0,0.0,
-50,18,1946,1964,0,0.0,
-50,18,1947,1965,0,0.0,
-50,18,1948,1966,0,0.0,
-50,18,1949,1967,0,0.0,
-50,18,1950,1968,0,0.0,
-50,18,1951,1969,0,0.0,
-50,18,1952,1970,0,0.0,
-50,18,1953,1971,0,0.0,
-50,18,1954,1972,0,0.0,
-50,18,1955,1973,0,0.0,
-50,18,1956,1974,0,0.0,
-50,18,1957,1975,0,0.0,
-50,18,1958,1976,0,0.0,
-50,18,1959,1977,0,0.0,
-50,18,1960,1978,0,0.0,
-50,18,1961,1979,0,0.0,
-50,18,1962,1980,0,0.0,
-50,18,1963,1981,0,0.0,
-50,18,1964,1982,0,0.0,
-50,18,1965,1983,0,0.0,
-50,18,1966,1984,0,0.0,
-50,18,1967,1985,0,0.0,
-50,18,1968,1986,0,0.0,
-50,18,1969,1987,0,0.0,
-50,18,1970,1988,0,0.0,
-50,18,1971,1989,0,0.0,
-50,18,1972,1990,0,0.0,
-50,18,1973,1991,0,0.0,
-50,18,1974,1992,0,0.0,
-50,18,1975,1993,0,0.0,
-50,18,1976,1994,0,0.0,
-50,18,1977,1995,0,0.0,
-50,18,1978,1996,0,0.0,
-50,18,1979,1997,0,0.0,
-50,18,1980,1998,0,0.0,
-50,18,1981,1999,0,0.0,
-50,18,1982,2000,0,0.0,
-50,18,1983,2001,0,0.0,
-50,18,1984,2002,0,0.0,
-50,18,1985,2003,0,0.0,
-50,18,1986,2004,0,0.0,
-50,18,1987,2005,0,0.0,
-50,18,1988,2006,0,0.0,
-50,18,1989,2007,0,0.0,
-50,18,1990,2008,0,0.0,
-50,18,1991,2009,1,0.02,20.04
-50,18,1992,2010,21,0.45999999999999996,47.910000000000004
-50,18,1993,2011,21,0.45999999999999996,29.720000000000002
-50,18,1994,2012,21,0.45999999999999996,19.139999999999997
-50,18,1995,2013,21,0.45999999999999996,17.7
-50,18,1996,2014,21,0.45999999999999996,19.96
-50,18,1997,2015,21,0.45999999999999996,18.5
-50,18,1998,2016,21,0.45999999999999996,15.57
-50,18,1999,2017,21,0.45999999999999996,14.799999999999999
-50,18,2000,2018,21,0.45999999999999996,15.299999999999999
-50,18,2001,2019,21,0.45999999999999996,12.959999999999999
-50,18,2002,2020,21,0.45999999999999996,14.31
-50,19,1937,1956,0,0.0,
-50,19,1938,1957,0,0.0,
-50,19,1939,1958,0,0.0,
-50,19,1940,1959,0,0.0,
-50,19,1941,1960,0,0.0,
-50,19,1942,1961,0,0.0,
-50,19,1943,1962,0,0.0,
-50,19,1944,1963,0,0.0,
-50,19,1945,1964,0,0.0,
-50,19,1946,1965,0,0.0,
-50,19,1947,1966,0,0.0,
-50,19,1948,1967,0,0.0,
-50,19,1949,1968,0,0.0,
-50,19,1950,1969,0,0.0,
-50,19,1951,1970,0,0.0,
-50,19,1952,1971,0,0.0,
-50,19,1953,1972,0,0.0,
-50,19,1954,1973,0,0.0,
-50,19,1955,1974,0,0.0,
-50,19,1956,1975,0,0.0,
-50,19,1957,1976,0,0.0,
-50,19,1958,1977,0,0.0,
-50,19,1959,1978,0,0.0,
-50,19,1960,1979,0,0.0,
-50,19,1961,1980,0,0.0,
-50,19,1962,1981,0,0.0,
-50,19,1963,1982,0,0.0,
-50,19,1964,1983,0,0.0,
-50,19,1965,1984,0,0.0,
-50,19,1966,1985,0,0.0,
-50,19,1967,1986,0,0.0,
-50,19,1968,1987,0,0.0,
-50,19,1969,1988,0,0.0,
-50,19,1970,1989,0,0.0,
-50,19,1971,1990,0,0.0,
-50,19,1972,1991,0,0.0,
-50,19,1973,1992,0,0.0,
-50,19,1974,1993,0,0.0,
-50,19,1975,1994,0,0.0,
-50,19,1976,1995,0,0.0,
-50,19,1977,1996,0,0.0,
-50,19,1978,1997,0,0.0,
-50,19,1979,1998,0,0.0,
-50,19,1980,1999,0,0.0,
-50,19,1981,2000,0,0.0,
-50,19,1982,2001,0,0.0,
-50,19,1983,2002,0,0.0,
-50,19,1984,2003,0,0.0,
-50,19,1985,2004,0,0.0,
-50,19,1986,2005,0,0.0,
-50,19,1987,2006,0,0.0,
-50,19,1988,2007,0,0.0,
-50,19,1989,2008,0,0.0,
-50,19,1990,2009,1,0.02,20.04
-50,19,1991,2010,21,0.44,47.910000000000004
-50,19,1992,2011,21,0.44,29.720000000000002
-50,19,1993,2012,21,0.44,19.139999999999997
-50,19,1994,2013,21,0.44,17.7
-50,19,1995,2014,21,0.44,19.96
-50,19,1996,2015,21,0.44,18.5
-50,19,1997,2016,21,0.44,15.57
-50,19,1998,2017,21,0.44,14.799999999999999
-50,19,1999,2018,21,0.44,15.299999999999999
-50,19,2000,2019,21,0.44,12.959999999999999
-50,19,2001,2020,21,0.44,14.31
-50,20,1936,1956,0,0.0,
-50,20,1937,1957,0,0.0,
-50,20,1938,1958,0,0.0,
-50,20,1939,1959,0,0.0,
-50,20,1940,1960,0,0.0,
-50,20,1941,1961,0,0.0,
-50,20,1942,1962,0,0.0,
-50,20,1943,1963,0,0.0,
-50,20,1944,1964,0,0.0,
-50,20,1945,1965,0,0.0,
-50,20,1946,1966,0,0.0,
-50,20,1947,1967,0,0.0,
-50,20,1948,1968,0,0.0,
-50,20,1949,1969,0,0.0,
-50,20,1950,1970,0,0.0,
-50,20,1951,1971,0,0.0,
-50,20,1952,1972,0,0.0,
-50,20,1953,1973,0,0.0,
-50,20,1954,1974,0,0.0,
-50,20,1955,1975,0,0.0,
-50,20,1956,1976,0,0.0,
-50,20,1957,1977,0,0.0,
-50,20,1958,1978,0,0.0,
-50,20,1959,1979,0,0.0,
-50,20,1960,1980,0,0.0,
-50,20,1961,1981,0,0.0,
-50,20,1962,1982,0,0.0,
-50,20,1963,1983,0,0.0,
-50,20,1964,1984,0,0.0,
-50,20,1965,1985,0,0.0,
-50,20,1966,1986,0,0.0,
-50,20,1967,1987,0,0.0,
-50,20,1968,1988,0,0.0,
-50,20,1969,1989,0,0.0,
-50,20,1970,1990,0,0.0,
-50,20,1971,1991,0,0.0,
-50,20,1972,1992,0,0.0,
-50,20,1973,1993,0,0.0,
-50,20,1974,1994,0,0.0,
-50,20,1975,1995,0,0.0,
-50,20,1976,1996,0,0.0,
-50,20,1977,1997,0,0.0,
-50,20,1978,1998,0,0.0,
-50,20,1979,1999,0,0.0,
-50,20,1980,2000,0,0.0,
-50,20,1981,2001,0,0.0,
-50,20,1982,2002,0,0.0,
-50,20,1983,2003,0,0.0,
-50,20,1984,2004,0,0.0,
-50,20,1985,2005,0,0.0,
-50,20,1986,2006,0,0.0,
-50,20,1987,2007,0,0.0,
-50,20,1988,2008,0,0.0,
-50,20,1989,2009,1,0.02,20.04
-50,20,1990,2010,21,0.42,47.910000000000004
-50,20,1991,2011,21,0.42,29.720000000000002
-50,20,1992,2012,21,0.42,19.139999999999997
-50,20,1993,2013,21,0.42,17.7
-50,20,1994,2014,21,0.42,19.96
-50,20,1995,2015,21,0.42,18.5
-50,20,1996,2016,21,0.42,15.57
-50,20,1997,2017,21,0.42,14.799999999999999
-50,20,1998,2018,21,0.42,15.299999999999999
-50,20,1999,2019,21,0.42,12.959999999999999
-50,20,2000,2020,21,0.42,14.31
-50,21,1935,1956,0,0.0,
-50,21,1936,1957,0,0.0,
-50,21,1937,1958,0,0.0,
-50,21,1938,1959,0,0.0,
-50,21,1939,1960,0,0.0,
-50,21,1940,1961,0,0.0,
-50,21,1941,1962,0,0.0,
-50,21,1942,1963,0,0.0,
-50,21,1943,1964,0,0.0,
-50,21,1944,1965,0,0.0,
-50,21,1945,1966,0,0.0,
-50,21,1946,1967,0,0.0,
-50,21,1947,1968,0,0.0,
-50,21,1948,1969,0,0.0,
-50,21,1949,1970,0,0.0,
-50,21,1950,1971,0,0.0,
-50,21,1951,1972,0,0.0,
-50,21,1952,1973,0,0.0,
-50,21,1953,1974,0,0.0,
-50,21,1954,1975,0,0.0,
-50,21,1955,1976,0,0.0,
-50,21,1956,1977,0,0.0,
-50,21,1957,1978,0,0.0,
-50,21,1958,1979,0,0.0,
-50,21,1959,1980,0,0.0,
-50,21,1960,1981,0,0.0,
-50,21,1961,1982,0,0.0,
-50,21,1962,1983,0,0.0,
-50,21,1963,1984,0,0.0,
-50,21,1964,1985,0,0.0,
-50,21,1965,1986,0,0.0,
-50,21,1966,1987,0,0.0,
-50,21,1967,1988,0,0.0,
-50,21,1968,1989,0,0.0,
-50,21,1969,1990,0,0.0,
-50,21,1970,1991,0,0.0,
-50,21,1971,1992,0,0.0,
-50,21,1972,1993,0,0.0,
-50,21,1973,1994,0,0.0,
-50,21,1974,1995,0,0.0,
-50,21,1975,1996,0,0.0,
-50,21,1976,1997,0,0.0,
-50,21,1977,1998,0,0.0,
-50,21,1978,1999,0,0.0,
-50,21,1979,2000,0,0.0,
-50,21,1980,2001,0,0.0,
-50,21,1981,2002,0,0.0,
-50,21,1982,2003,0,0.0,
-50,21,1983,2004,0,0.0,
-50,21,1984,2005,0,0.0,
-50,21,1985,2006,0,0.0,
-50,21,1986,2007,0,0.0,
-50,21,1987,2008,0,0.0,
-50,21,1988,2009,1,0.02,20.04
-50,21,1989,2010,21,0.4,47.910000000000004
-50,21,1990,2011,21,0.4,29.720000000000002
-50,21,1991,2012,21,0.4,19.139999999999997
-50,21,1992,2013,21,0.4,17.7
-50,21,1993,2014,21,0.4,19.96
-50,21,1994,2015,21,0.4,18.5
-50,21,1995,2016,21,0.4,15.57
-50,21,1996,2017,21,0.4,14.799999999999999
-50,21,1997,2018,21,0.4,15.299999999999999
-50,21,1998,2019,21,0.4,12.959999999999999
-50,21,1999,2020,21,0.4,14.31
-50,22,1934,1956,0,0.0,
-50,22,1935,1957,0,0.0,
-50,22,1936,1958,0,0.0,
-50,22,1937,1959,0,0.0,
-50,22,1938,1960,0,0.0,
-50,22,1939,1961,0,0.0,
-50,22,1940,1962,0,0.0,
-50,22,1941,1963,0,0.0,
-50,22,1942,1964,0,0.0,
-50,22,1943,1965,0,0.0,
-50,22,1944,1966,0,0.0,
-50,22,1945,1967,0,0.0,
-50,22,1946,1968,0,0.0,
-50,22,1947,1969,0,0.0,
-50,22,1948,1970,0,0.0,
-50,22,1949,1971,0,0.0,
-50,22,1950,1972,0,0.0,
-50,22,1951,1973,0,0.0,
-50,22,1952,1974,0,0.0,
-50,22,1953,1975,0,0.0,
-50,22,1954,1976,0,0.0,
-50,22,1955,1977,0,0.0,
-50,22,1956,1978,0,0.0,
-50,22,1957,1979,0,0.0,
-50,22,1958,1980,0,0.0,
-50,22,1959,1981,0,0.0,
-50,22,1960,1982,0,0.0,
-50,22,1961,1983,0,0.0,
-50,22,1962,1984,0,0.0,
-50,22,1963,1985,0,0.0,
-50,22,1964,1986,0,0.0,
-50,22,1965,1987,0,0.0,
-50,22,1966,1988,0,0.0,
-50,22,1967,1989,0,0.0,
-50,22,1968,1990,0,0.0,
-50,22,1969,1991,0,0.0,
-50,22,1970,1992,0,0.0,
-50,22,1971,1993,0,0.0,
-50,22,1972,1994,0,0.0,
-50,22,1973,1995,0,0.0,
-50,22,1974,1996,0,0.0,
-50,22,1975,1997,0,0.0,
-50,22,1976,1998,0,0.0,
-50,22,1977,1999,0,0.0,
-50,22,1978,2000,0,0.0,
-50,22,1979,2001,0,0.0,
-50,22,1980,2002,0,0.0,
-50,22,1981,2003,0,0.0,
-50,22,1982,2004,0,0.0,
-50,22,1983,2005,0,0.0,
-50,22,1984,2006,0,0.0,
-50,22,1985,2007,0,0.0,
-50,22,1986,2008,0,0.0,
-50,22,1987,2009,1,0.02,20.04
-50,22,1988,2010,21,0.38,47.910000000000004
-50,22,1989,2011,21,0.38,29.720000000000002
-50,22,1990,2012,21,0.38,19.139999999999997
-50,22,1991,2013,21,0.38,17.7
-50,22,1992,2014,21,0.38,19.96
-50,22,1993,2015,21,0.38,18.5
-50,22,1994,2016,21,0.38,15.57
-50,22,1995,2017,21,0.38,14.799999999999999
-50,22,1996,2018,21,0.38,15.299999999999999
-50,22,1997,2019,21,0.38,12.959999999999999
-50,22,1998,2020,21,0.38,14.31
-50,23,1933,1956,0,0.0,
-50,23,1934,1957,0,0.0,
-50,23,1935,1958,0,0.0,
-50,23,1936,1959,0,0.0,
-50,23,1937,1960,0,0.0,
-50,23,1938,1961,0,0.0,
-50,23,1939,1962,0,0.0,
-50,23,1940,1963,0,0.0,
-50,23,1941,1964,0,0.0,
-50,23,1942,1965,0,0.0,
-50,23,1943,1966,0,0.0,
-50,23,1944,1967,0,0.0,
-50,23,1945,1968,0,0.0,
-50,23,1946,1969,0,0.0,
-50,23,1947,1970,0,0.0,
-50,23,1948,1971,0,0.0,
-50,23,1949,1972,0,0.0,
-50,23,1950,1973,0,0.0,
-50,23,1951,1974,0,0.0,
-50,23,1952,1975,0,0.0,
-50,23,1953,1976,0,0.0,
-50,23,1954,1977,0,0.0,
-50,23,1955,1978,0,0.0,
-50,23,1956,1979,0,0.0,
-50,23,1957,1980,0,0.0,
-50,23,1958,1981,0,0.0,
-50,23,1959,1982,0,0.0,
-50,23,1960,1983,0,0.0,
-50,23,1961,1984,0,0.0,
-50,23,1962,1985,0,0.0,
-50,23,1963,1986,0,0.0,
-50,23,1964,1987,0,0.0,
-50,23,1965,1988,0,0.0,
-50,23,1966,1989,0,0.0,
-50,23,1967,1990,0,0.0,
-50,23,1968,1991,0,0.0,
-50,23,1969,1992,0,0.0,
-50,23,1970,1993,0,0.0,
-50,23,1971,1994,0,0.0,
-50,23,1972,1995,0,0.0,
-50,23,1973,1996,0,0.0,
-50,23,1974,1997,0,0.0,
-50,23,1975,1998,0,0.0,
-50,23,1976,1999,0,0.0,
-50,23,1977,2000,0,0.0,
-50,23,1978,2001,0,0.0,
-50,23,1979,2002,0,0.0,
-50,23,1980,2003,0,0.0,
-50,23,1981,2004,0,0.0,
-50,23,1982,2005,0,0.0,
-50,23,1983,2006,0,0.0,
-50,23,1984,2007,0,0.0,
-50,23,1985,2008,0,0.0,
-50,23,1986,2009,1,0.02,20.04
-50,23,1987,2010,21,0.36,47.910000000000004
-50,23,1988,2011,21,0.36,29.720000000000002
-50,23,1989,2012,21,0.36,19.139999999999997
-50,23,1990,2013,21,0.36,17.7
-50,23,1991,2014,21,0.36,19.96
-50,23,1992,2015,21,0.36,18.5
-50,23,1993,2016,21,0.36,15.57
-50,23,1994,2017,21,0.36,14.799999999999999
-50,23,1995,2018,21,0.36,15.299999999999999
-50,23,1996,2019,21,0.36,12.959999999999999
-50,23,1997,2020,21,0.36,14.31
-50,24,1932,1956,0,0.0,
-50,24,1933,1957,0,0.0,
-50,24,1934,1958,0,0.0,
-50,24,1935,1959,0,0.0,
-50,24,1936,1960,0,0.0,
-50,24,1937,1961,0,0.0,
-50,24,1938,1962,0,0.0,
-50,24,1939,1963,0,0.0,
-50,24,1940,1964,0,0.0,
-50,24,1941,1965,0,0.0,
-50,24,1942,1966,0,0.0,
-50,24,1943,1967,0,0.0,
-50,24,1944,1968,0,0.0,
-50,24,1945,1969,0,0.0,
-50,24,1946,1970,0,0.0,
-50,24,1947,1971,0,0.0,
-50,24,1948,1972,0,0.0,
-50,24,1949,1973,0,0.0,
-50,24,1950,1974,0,0.0,
-50,24,1951,1975,0,0.0,
-50,24,1952,1976,0,0.0,
-50,24,1953,1977,0,0.0,
-50,24,1954,1978,0,0.0,
-50,24,1955,1979,0,0.0,
-50,24,1956,1980,0,0.0,
-50,24,1957,1981,0,0.0,
-50,24,1958,1982,0,0.0,
-50,24,1959,1983,0,0.0,
-50,24,1960,1984,0,0.0,
-50,24,1961,1985,0,0.0,
-50,24,1962,1986,0,0.0,
-50,24,1963,1987,0,0.0,
-50,24,1964,1988,0,0.0,
-50,24,1965,1989,0,0.0,
-50,24,1966,1990,0,0.0,
-50,24,1967,1991,0,0.0,
-50,24,1968,1992,0,0.0,
-50,24,1969,1993,0,0.0,
-50,24,1970,1994,0,0.0,
-50,24,1971,1995,0,0.0,
-50,24,1972,1996,0,0.0,
-50,24,1973,1997,0,0.0,
-50,24,1974,1998,0,0.0,
-50,24,1975,1999,0,0.0,
-50,24,1976,2000,0,0.0,
-50,24,1977,2001,0,0.0,
-50,24,1978,2002,0,0.0,
-50,24,1979,2003,0,0.0,
-50,24,1980,2004,0,0.0,
-50,24,1981,2005,0,0.0,
-50,24,1982,2006,0,0.0,
-50,24,1983,2007,0,0.0,
-50,24,1984,2008,0,0.0,
-50,24,1985,2009,1,0.02,20.04
-50,24,1986,2010,21,0.35000000000000003,47.910000000000004
-50,24,1987,2011,21,0.35000000000000003,29.720000000000002
-50,24,1988,2012,21,0.35000000000000003,19.139999999999997
-50,24,1989,2013,21,0.35000000000000003,17.7
-50,24,1990,2014,21,0.35000000000000003,19.96
-50,24,1991,2015,21,0.35000000000000003,18.5
-50,24,1992,2016,21,0.35000000000000003,15.57
-50,24,1993,2017,21,0.35000000000000003,14.799999999999999
-50,24,1994,2018,21,0.35000000000000003,15.299999999999999
-50,24,1995,2019,21,0.35000000000000003,12.959999999999999
-50,24,1996,2020,21,0.35000000000000003,14.31
-50,25,1931,1956,0,0.0,
-50,25,1932,1957,0,0.0,
-50,25,1933,1958,0,0.0,
-50,25,1934,1959,0,0.0,
-50,25,1935,1960,0,0.0,
-50,25,1936,1961,0,0.0,
-50,25,1937,1962,0,0.0,
-50,25,1938,1963,0,0.0,
-50,25,1939,1964,0,0.0,
-50,25,1940,1965,0,0.0,
-50,25,1941,1966,0,0.0,
-50,25,1942,1967,0,0.0,
-50,25,1943,1968,0,0.0,
-50,25,1944,1969,0,0.0,
-50,25,1945,1970,0,0.0,
-50,25,1946,1971,0,0.0,
-50,25,1947,1972,0,0.0,
-50,25,1948,1973,0,0.0,
-50,25,1949,1974,0,0.0,
-50,25,1950,1975,0,0.0,
-50,25,1951,1976,0,0.0,
-50,25,1952,1977,0,0.0,
-50,25,1953,1978,0,0.0,
-50,25,1954,1979,0,0.0,
-50,25,1955,1980,0,0.0,
-50,25,1956,1981,0,0.0,
-50,25,1957,1982,0,0.0,
-50,25,1958,1983,0,0.0,
-50,25,1959,1984,0,0.0,
-50,25,1960,1985,0,0.0,
-50,25,1961,1986,0,0.0,
-50,25,1962,1987,0,0.0,
-50,25,1963,1988,0,0.0,
-50,25,1964,1989,0,0.0,
-50,25,1965,1990,0,0.0,
-50,25,1966,1991,0,0.0,
-50,25,1967,1992,0,0.0,
-50,25,1968,1993,0,0.0,
-50,25,1969,1994,0,0.0,
-50,25,1970,1995,0,0.0,
-50,25,1971,1996,0,0.0,
-50,25,1972,1997,0,0.0,
-50,25,1973,1998,0,0.0,
-50,25,1974,1999,0,0.0,
-50,25,1975,2000,0,0.0,
-50,25,1976,2001,0,0.0,
-50,25,1977,2002,0,0.0,
-50,25,1978,2003,0,0.0,
-50,25,1979,2004,0,0.0,
-50,25,1980,2005,0,0.0,
-50,25,1981,2006,0,0.0,
-50,25,1982,2007,0,0.0,
-50,25,1983,2008,0,0.0,
-50,25,1984,2009,1,0.02,20.04
-50,25,1985,2010,21,0.33,47.910000000000004
-50,25,1986,2011,21,0.33,29.720000000000002
-50,25,1987,2012,21,0.33,19.139999999999997
-50,25,1988,2013,21,0.33,17.7
-50,25,1989,2014,21,0.33,19.96
-50,25,1990,2015,21,0.33,18.5
-50,25,1991,2016,21,0.33,15.57
-50,25,1992,2017,21,0.33,14.799999999999999
-50,25,1993,2018,21,0.33,15.299999999999999
-50,25,1994,2019,21,0.33,12.959999999999999
-50,25,1995,2020,21,0.33,14.31
-50,26,1930,1956,0,0.0,
-50,26,1931,1957,0,0.0,
-50,26,1932,1958,0,0.0,
-50,26,1933,1959,0,0.0,
-50,26,1934,1960,0,0.0,
-50,26,1935,1961,0,0.0,
-50,26,1936,1962,0,0.0,
-50,26,1937,1963,0,0.0,
-50,26,1938,1964,0,0.0,
-50,26,1939,1965,0,0.0,
-50,26,1940,1966,0,0.0,
-50,26,1941,1967,0,0.0,
-50,26,1942,1968,0,0.0,
-50,26,1943,1969,0,0.0,
-50,26,1944,1970,0,0.0,
-50,26,1945,1971,0,0.0,
-50,26,1946,1972,0,0.0,
-50,26,1947,1973,0,0.0,
-50,26,1948,1974,0,0.0,
-50,26,1949,1975,0,0.0,
-50,26,1950,1976,0,0.0,
-50,26,1951,1977,0,0.0,
-50,26,1952,1978,0,0.0,
-50,26,1953,1979,0,0.0,
-50,26,1954,1980,0,0.0,
-50,26,1955,1981,0,0.0,
-50,26,1956,1982,0,0.0,
-50,26,1957,1983,0,0.0,
-50,26,1958,1984,0,0.0,
-50,26,1959,1985,0,0.0,
-50,26,1960,1986,0,0.0,
-50,26,1961,1987,0,0.0,
-50,26,1962,1988,0,0.0,
-50,26,1963,1989,0,0.0,
-50,26,1964,1990,0,0.0,
-50,26,1965,1991,0,0.0,
-50,26,1966,1992,0,0.0,
-50,26,1967,1993,0,0.0,
-50,26,1968,1994,0,0.0,
-50,26,1969,1995,0,0.0,
-50,26,1970,1996,0,0.0,
-50,26,1971,1997,0,0.0,
-50,26,1972,1998,0,0.0,
-50,26,1973,1999,0,0.0,
-50,26,1974,2000,0,0.0,
-50,26,1975,2001,0,0.0,
-50,26,1976,2002,0,0.0,
-50,26,1977,2003,0,0.0,
-50,26,1978,2004,0,0.0,
-50,26,1979,2005,0,0.0,
-50,26,1980,2006,0,0.0,
-50,26,1981,2007,0,0.0,
-50,26,1982,2008,0,0.0,
-50,26,1983,2009,1,0.02,20.04
-50,26,1984,2010,21,0.32,47.910000000000004
-50,26,1985,2011,21,0.32,29.720000000000002
-50,26,1986,2012,21,0.32,19.139999999999997
-50,26,1987,2013,21,0.32,17.7
-50,26,1988,2014,21,0.32,19.96
-50,26,1989,2015,21,0.32,18.5
-50,26,1990,2016,21,0.32,15.57
-50,26,1991,2017,21,0.32,14.799999999999999
-50,26,1992,2018,21,0.32,15.299999999999999
-50,26,1993,2019,21,0.32,12.959999999999999
-50,26,1994,2020,21,0.32,14.31
-50,27,1929,1956,0,0.0,
-50,27,1930,1957,0,0.0,
-50,27,1931,1958,0,0.0,
-50,27,1932,1959,0,0.0,
-50,27,1933,1960,0,0.0,
-50,27,1934,1961,0,0.0,
-50,27,1935,1962,0,0.0,
-50,27,1936,1963,0,0.0,
-50,27,1937,1964,0,0.0,
-50,27,1938,1965,0,0.0,
-50,27,1939,1966,0,0.0,
-50,27,1940,1967,0,0.0,
-50,27,1941,1968,0,0.0,
-50,27,1942,1969,0,0.0,
-50,27,1943,1970,0,0.0,
-50,27,1944,1971,0,0.0,
-50,27,1945,1972,0,0.0,
-50,27,1946,1973,0,0.0,
-50,27,1947,1974,0,0.0,
-50,27,1948,1975,0,0.0,
-50,27,1949,1976,0,0.0,
-50,27,1950,1977,0,0.0,
-50,27,1951,1978,0,0.0,
-50,27,1952,1979,0,0.0,
-50,27,1953,1980,0,0.0,
-50,27,1954,1981,0,0.0,
-50,27,1955,1982,0,0.0,
-50,27,1956,1983,0,0.0,
-50,27,1957,1984,0,0.0,
-50,27,1958,1985,0,0.0,
-50,27,1959,1986,0,0.0,
-50,27,1960,1987,0,0.0,
-50,27,1961,1988,0,0.0,
-50,27,1962,1989,0,0.0,
-50,27,1963,1990,0,0.0,
-50,27,1964,1991,0,0.0,
-50,27,1965,1992,0,0.0,
-50,27,1966,1993,0,0.0,
-50,27,1967,1994,0,0.0,
-50,27,1968,1995,0,0.0,
-50,27,1969,1996,0,0.0,
-50,27,1970,1997,0,0.0,
-50,27,1971,1998,0,0.0,
-50,27,1972,1999,0,0.0,
-50,27,1973,2000,0,0.0,
-50,27,1974,2001,0,0.0,
-50,27,1975,2002,0,0.0,
-50,27,1976,2003,0,0.0,
-50,27,1977,2004,0,0.0,
-50,27,1978,2005,0,0.0,
-50,27,1979,2006,0,0.0,
-50,27,1980,2007,0,0.0,
-50,27,1981,2008,0,0.0,
-50,27,1982,2009,1,0.01,20.04
-50,27,1983,2010,21,0.31,47.910000000000004
-50,27,1984,2011,21,0.31,29.720000000000002
-50,27,1985,2012,21,0.31,19.139999999999997
-50,27,1986,2013,21,0.31,17.7
-50,27,1987,2014,21,0.31,19.96
-50,27,1988,2015,21,0.31,18.5
-50,27,1989,2016,21,0.31,15.57
-50,27,1990,2017,21,0.31,14.799999999999999
-50,27,1991,2018,21,0.31,15.299999999999999
-50,27,1992,2019,21,0.31,12.959999999999999
-50,27,1993,2020,21,0.31,14.31
-50,28,1928,1956,0,0.0,
-50,28,1929,1957,0,0.0,
-50,28,1930,1958,0,0.0,
-50,28,1931,1959,0,0.0,
-50,28,1932,1960,0,0.0,
-50,28,1933,1961,0,0.0,
-50,28,1934,1962,0,0.0,
-50,28,1935,1963,0,0.0,
-50,28,1936,1964,0,0.0,
-50,28,1937,1965,0,0.0,
-50,28,1938,1966,0,0.0,
-50,28,1939,1967,0,0.0,
-50,28,1940,1968,0,0.0,
-50,28,1941,1969,0,0.0,
-50,28,1942,1970,0,0.0,
-50,28,1943,1971,0,0.0,
-50,28,1944,1972,0,0.0,
-50,28,1945,1973,0,0.0,
-50,28,1946,1974,0,0.0,
-50,28,1947,1975,0,0.0,
-50,28,1948,1976,0,0.0,
-50,28,1949,1977,0,0.0,
-50,28,1950,1978,0,0.0,
-50,28,1951,1979,0,0.0,
-50,28,1952,1980,0,0.0,
-50,28,1953,1981,0,0.0,
-50,28,1954,1982,0,0.0,
-50,28,1955,1983,0,0.0,
-50,28,1956,1984,0,0.0,
-50,28,1957,1985,0,0.0,
-50,28,1958,1986,0,0.0,
-50,28,1959,1987,0,0.0,
-50,28,1960,1988,0,0.0,
-50,28,1961,1989,0,0.0,
-50,28,1962,1990,0,0.0,
-50,28,1963,1991,0,0.0,
-50,28,1964,1992,0,0.0,
-50,28,1965,1993,0,0.0,
-50,28,1966,1994,0,0.0,
-50,28,1967,1995,0,0.0,
-50,28,1968,1996,0,0.0,
-50,28,1969,1997,0,0.0,
-50,28,1970,1998,0,0.0,
-50,28,1971,1999,0,0.0,
-50,28,1972,2000,0,0.0,
-50,28,1973,2001,0,0.0,
-50,28,1974,2002,0,0.0,
-50,28,1975,2003,0,0.0,
-50,28,1976,2004,0,0.0,
-50,28,1977,2005,0,0.0,
-50,28,1978,2006,0,0.0,
-50,28,1979,2007,0,0.0,
-50,28,1980,2008,0,0.0,
-50,28,1981,2009,1,0.01,20.04
-50,28,1982,2010,21,0.3,47.910000000000004
-50,28,1983,2011,21,0.3,29.720000000000002
-50,28,1984,2012,21,0.3,19.139999999999997
-50,28,1985,2013,21,0.3,17.7
-50,28,1986,2014,21,0.3,19.96
-50,28,1987,2015,21,0.3,18.5
-50,28,1988,2016,21,0.3,15.57
-50,28,1989,2017,21,0.3,14.799999999999999
-50,28,1990,2018,21,0.3,15.299999999999999
-50,28,1991,2019,21,0.3,12.959999999999999
-50,28,1992,2020,21,0.3,14.31
-50,29,1928,1957,0,0.0,
-50,29,1929,1958,0,0.0,
-50,29,1930,1959,0,0.0,
-50,29,1931,1960,0,0.0,
-50,29,1932,1961,0,0.0,
-50,29,1933,1962,0,0.0,
-50,29,1934,1963,0,0.0,
-50,29,1935,1964,0,0.0,
-50,29,1936,1965,0,0.0,
-50,29,1937,1966,0,0.0,
-50,29,1938,1967,0,0.0,
-50,29,1939,1968,0,0.0,
-50,29,1940,1969,0,0.0,
-50,29,1941,1970,0,0.0,
-50,29,1942,1971,0,0.0,
-50,29,1943,1972,0,0.0,
-50,29,1944,1973,0,0.0,
-50,29,1945,1974,0,0.0,
-50,29,1946,1975,0,0.0,
-50,29,1947,1976,0,0.0,
-50,29,1948,1977,0,0.0,
-50,29,1949,1978,0,0.0,
-50,29,1950,1979,0,0.0,
-50,29,1951,1980,0,0.0,
-50,29,1952,1981,0,0.0,
-50,29,1953,1982,0,0.0,
-50,29,1954,1983,0,0.0,
-50,29,1955,1984,0,0.0,
-50,29,1956,1985,0,0.0,
-50,29,1957,1986,0,0.0,
-50,29,1958,1987,0,0.0,
-50,29,1959,1988,0,0.0,
-50,29,1960,1989,0,0.0,
-50,29,1961,1990,0,0.0,
-50,29,1962,1991,0,0.0,
-50,29,1963,1992,0,0.0,
-50,29,1964,1993,0,0.0,
-50,29,1965,1994,0,0.0,
-50,29,1966,1995,0,0.0,
-50,29,1967,1996,0,0.0,
-50,29,1968,1997,0,0.0,
-50,29,1969,1998,0,0.0,
-50,29,1970,1999,0,0.0,
-50,29,1971,2000,0,0.0,
-50,29,1972,2001,0,0.0,
-50,29,1973,2002,0,0.0,
-50,29,1974,2003,0,0.0,
-50,29,1975,2004,0,0.0,
-50,29,1976,2005,0,0.0,
-50,29,1977,2006,0,0.0,
-50,29,1978,2007,0,0.0,
-50,29,1979,2008,0,0.0,
-50,29,1980,2009,1,0.01,20.04
-50,29,1981,2010,21,0.29,47.910000000000004
-50,29,1982,2011,21,0.29,29.720000000000002
-50,29,1983,2012,21,0.29,19.139999999999997
-50,29,1984,2013,21,0.29,17.7
-50,29,1985,2014,21,0.29,19.96
-50,29,1986,2015,21,0.29,18.5
-50,29,1987,2016,21,0.29,15.57
-50,29,1988,2017,21,0.29,14.799999999999999
-50,29,1989,2018,21,0.29,15.299999999999999
-50,29,1990,2019,21,0.29,12.959999999999999
-50,29,1991,2020,21,0.29,14.31
-50,30,1928,1958,0,0.0,
-50,30,1929,1959,0,0.0,
-50,30,1930,1960,0,0.0,
-50,30,1931,1961,0,0.0,
-50,30,1932,1962,0,0.0,
-50,30,1933,1963,0,0.0,
-50,30,1934,1964,0,0.0,
-50,30,1935,1965,0,0.0,
-50,30,1936,1966,0,0.0,
-50,30,1937,1967,0,0.0,
-50,30,1938,1968,0,0.0,
-50,30,1939,1969,0,0.0,
-50,30,1940,1970,0,0.0,
-50,30,1941,1971,0,0.0,
-50,30,1942,1972,0,0.0,
-50,30,1943,1973,0,0.0,
-50,30,1944,1974,0,0.0,
-50,30,1945,1975,0,0.0,
-50,30,1946,1976,0,0.0,
-50,30,1947,1977,0,0.0,
-50,30,1948,1978,0,0.0,
-50,30,1949,1979,0,0.0,
-50,30,1950,1980,0,0.0,
-50,30,1951,1981,0,0.0,
-50,30,1952,1982,0,0.0,
-50,30,1953,1983,0,0.0,
-50,30,1954,1984,0,0.0,
-50,30,1955,1985,0,0.0,
-50,30,1956,1986,0,0.0,
-50,30,1957,1987,0,0.0,
-50,30,1958,1988,0,0.0,
-50,30,1959,1989,0,0.0,
-50,30,1960,1990,0,0.0,
-50,30,1961,1991,0,0.0,
-50,30,1962,1992,0,0.0,
-50,30,1963,1993,0,0.0,
-50,30,1964,1994,0,0.0,
-50,30,1965,1995,0,0.0,
-50,30,1966,1996,0,0.0,
-50,30,1967,1997,0,0.0,
-50,30,1968,1998,0,0.0,
-50,30,1969,1999,0,0.0,
-50,30,1970,2000,0,0.0,
-50,30,1971,2001,0,0.0,
-50,30,1972,2002,0,0.0,
-50,30,1973,2003,0,0.0,
-50,30,1974,2004,0,0.0,
-50,30,1975,2005,0,0.0,
-50,30,1976,2006,0,0.0,
-50,30,1977,2007,0,0.0,
-50,30,1978,2008,0,0.0,
-50,30,1979,2009,1,0.01,20.04
-50,30,1980,2010,21,0.27999999999999997,47.910000000000004
-50,30,1981,2011,21,0.27999999999999997,29.720000000000002
-50,30,1982,2012,21,0.27999999999999997,19.139999999999997
-50,30,1983,2013,21,0.27999999999999997,17.7
-50,30,1984,2014,21,0.27999999999999997,19.96
-50,30,1985,2015,21,0.27999999999999997,18.5
-50,30,1986,2016,21,0.27999999999999997,15.57
-50,30,1987,2017,21,0.27999999999999997,14.799999999999999
-50,30,1988,2018,21,0.27999999999999997,15.299999999999999
-50,30,1989,2019,21,0.27999999999999997,12.959999999999999
-50,30,1990,2020,21,0.27999999999999997,14.31
-50,31,1928,1959,0,0.0,
-50,31,1929,1960,0,0.0,
-50,31,1930,1961,0,0.0,
-50,31,1931,1962,0,0.0,
-50,31,1932,1963,0,0.0,
-50,31,1933,1964,0,0.0,
-50,31,1934,1965,0,0.0,
-50,31,1935,1966,0,0.0,
-50,31,1936,1967,0,0.0,
-50,31,1937,1968,0,0.0,
-50,31,1938,1969,0,0.0,
-50,31,1939,1970,0,0.0,
-50,31,1940,1971,0,0.0,
-50,31,1941,1972,0,0.0,
-50,31,1942,1973,0,0.0,
-50,31,1943,1974,0,0.0,
-50,31,1944,1975,0,0.0,
-50,31,1945,1976,0,0.0,
-50,31,1946,1977,0,0.0,
-50,31,1947,1978,0,0.0,
-50,31,1948,1979,0,0.0,
-50,31,1949,1980,0,0.0,
-50,31,1950,1981,0,0.0,
-50,31,1951,1982,0,0.0,
-50,31,1952,1983,0,0.0,
-50,31,1953,1984,0,0.0,
-50,31,1954,1985,0,0.0,
-50,31,1955,1986,0,0.0,
-50,31,1956,1987,0,0.0,
-50,31,1957,1988,0,0.0,
-50,31,1958,1989,0,0.0,
-50,31,1959,1990,0,0.0,
-50,31,1960,1991,0,0.0,
-50,31,1961,1992,0,0.0,
-50,31,1962,1993,0,0.0,
-50,31,1963,1994,0,0.0,
-50,31,1964,1995,0,0.0,
-50,31,1965,1996,0,0.0,
-50,31,1966,1997,0,0.0,
-50,31,1967,1998,0,0.0,
-50,31,1968,1999,0,0.0,
-50,31,1969,2000,0,0.0,
-50,31,1970,2001,0,0.0,
-50,31,1971,2002,0,0.0,
-50,31,1972,2003,0,0.0,
-50,31,1973,2004,0,0.0,
-50,31,1974,2005,0,0.0,
-50,31,1975,2006,0,0.0,
-50,31,1976,2007,0,0.0,
-50,31,1977,2008,0,0.0,
-50,31,1978,2009,1,0.01,20.04
-50,31,1979,2010,21,0.27,47.910000000000004
-50,31,1980,2011,21,0.27,29.720000000000002
-50,31,1981,2012,21,0.27,19.139999999999997
-50,31,1982,2013,21,0.27,17.7
-50,31,1983,2014,21,0.27,19.96
-50,31,1984,2015,21,0.27,18.5
-50,31,1985,2016,21,0.27,15.57
-50,31,1986,2017,21,0.27,14.799999999999999
-50,31,1987,2018,21,0.27,15.299999999999999
-50,31,1988,2019,21,0.27,12.959999999999999
-50,31,1989,2020,21,0.27,14.31
-50,32,1928,1960,0,0.0,
-50,32,1929,1961,0,0.0,
-50,32,1930,1962,0,0.0,
-50,32,1931,1963,0,0.0,
-50,32,1932,1964,0,0.0,
-50,32,1933,1965,0,0.0,
-50,32,1934,1966,0,0.0,
-50,32,1935,1967,0,0.0,
-50,32,1936,1968,0,0.0,
-50,32,1937,1969,0,0.0,
-50,32,1938,1970,0,0.0,
-50,32,1939,1971,0,0.0,
-50,32,1940,1972,0,0.0,
-50,32,1941,1973,0,0.0,
-50,32,1942,1974,0,0.0,
-50,32,1943,1975,0,0.0,
-50,32,1944,1976,0,0.0,
-50,32,1945,1977,0,0.0,
-50,32,1946,1978,0,0.0,
-50,32,1947,1979,0,0.0,
-50,32,1948,1980,0,0.0,
-50,32,1949,1981,0,0.0,
-50,32,1950,1982,0,0.0,
-50,32,1951,1983,0,0.0,
-50,32,1952,1984,0,0.0,
-50,32,1953,1985,0,0.0,
-50,32,1954,1986,0,0.0,
-50,32,1955,1987,0,0.0,
-50,32,1956,1988,0,0.0,
-50,32,1957,1989,0,0.0,
-50,32,1958,1990,0,0.0,
-50,32,1959,1991,0,0.0,
-50,32,1960,1992,0,0.0,
-50,32,1961,1993,0,0.0,
-50,32,1962,1994,0,0.0,
-50,32,1963,1995,0,0.0,
-50,32,1964,1996,0,0.0,
-50,32,1965,1997,0,0.0,
-50,32,1966,1998,0,0.0,
-50,32,1967,1999,0,0.0,
-50,32,1968,2000,0,0.0,
-50,32,1969,2001,0,0.0,
-50,32,1970,2002,0,0.0,
-50,32,1971,2003,0,0.0,
-50,32,1972,2004,0,0.0,
-50,32,1973,2005,0,0.0,
-50,32,1974,2006,0,0.0,
-50,32,1975,2007,0,0.0,
-50,32,1976,2008,0,0.0,
-50,32,1977,2009,1,0.01,20.04
-50,32,1978,2010,21,0.26,47.910000000000004
-50,32,1979,2011,21,0.26,29.720000000000002
-50,32,1980,2012,21,0.26,19.139999999999997
-50,32,1981,2013,21,0.26,17.7
-50,32,1982,2014,21,0.26,19.96
-50,32,1983,2015,21,0.26,18.5
-50,32,1984,2016,21,0.26,15.57
-50,32,1985,2017,21,0.26,14.799999999999999
-50,32,1986,2018,21,0.26,15.299999999999999
-50,32,1987,2019,21,0.26,12.959999999999999
-50,32,1988,2020,21,0.26,14.31
-50,33,1928,1961,0,0.0,
-50,33,1929,1962,0,0.0,
-50,33,1930,1963,0,0.0,
-50,33,1931,1964,0,0.0,
-50,33,1932,1965,0,0.0,
-50,33,1933,1966,0,0.0,
-50,33,1934,1967,0,0.0,
-50,33,1935,1968,0,0.0,
-50,33,1936,1969,0,0.0,
-50,33,1937,1970,0,0.0,
-50,33,1938,1971,0,0.0,
-50,33,1939,1972,0,0.0,
-50,33,1940,1973,0,0.0,
-50,33,1941,1974,0,0.0,
-50,33,1942,1975,0,0.0,
-50,33,1943,1976,0,0.0,
-50,33,1944,1977,0,0.0,
-50,33,1945,1978,0,0.0,
-50,33,1946,1979,0,0.0,
-50,33,1947,1980,0,0.0,
-50,33,1948,1981,0,0.0,
-50,33,1949,1982,0,0.0,
-50,33,1950,1983,0,0.0,
-50,33,1951,1984,0,0.0,
-50,33,1952,1985,0,0.0,
-50,33,1953,1986,0,0.0,
-50,33,1954,1987,0,0.0,
-50,33,1955,1988,0,0.0,
-50,33,1956,1989,0,0.0,
-50,33,1957,1990,0,0.0,
-50,33,1958,1991,0,0.0,
-50,33,1959,1992,0,0.0,
-50,33,1960,1993,0,0.0,
-50,33,1961,1994,0,0.0,
-50,33,1962,1995,0,0.0,
-50,33,1963,1996,0,0.0,
-50,33,1964,1997,0,0.0,
-50,33,1965,1998,0,0.0,
-50,33,1966,1999,0,0.0,
-50,33,1967,2000,0,0.0,
-50,33,1968,2001,0,0.0,
-50,33,1969,2002,0,0.0,
-50,33,1970,2003,0,0.0,
-50,33,1971,2004,0,0.0,
-50,33,1972,2005,0,0.0,
-50,33,1973,2006,0,0.0,
-50,33,1974,2007,0,0.0,
-50,33,1975,2008,0,0.0,
-50,33,1976,2009,1,0.01,20.04
-50,33,1977,2010,21,0.25,47.910000000000004
-50,33,1978,2011,21,0.25,29.720000000000002
-50,33,1979,2012,21,0.25,19.139999999999997
-50,33,1980,2013,21,0.25,17.7
-50,33,1981,2014,21,0.25,19.96
-50,33,1982,2015,21,0.25,18.5
-50,33,1983,2016,21,0.25,15.57
-50,33,1984,2017,21,0.25,14.799999999999999
-50,33,1985,2018,21,0.25,15.299999999999999
-50,33,1986,2019,21,0.25,12.959999999999999
-50,33,1987,2020,21,0.25,14.31
-50,34,1928,1962,0,0.0,
-50,34,1929,1963,0,0.0,
-50,34,1930,1964,0,0.0,
-50,34,1931,1965,0,0.0,
-50,34,1932,1966,0,0.0,
-50,34,1933,1967,0,0.0,
-50,34,1934,1968,0,0.0,
-50,34,1935,1969,0,0.0,
-50,34,1936,1970,0,0.0,
-50,34,1937,1971,0,0.0,
-50,34,1938,1972,0,0.0,
-50,34,1939,1973,0,0.0,
-50,34,1940,1974,0,0.0,
-50,34,1941,1975,0,0.0,
-50,34,1942,1976,0,0.0,
-50,34,1943,1977,0,0.0,
-50,34,1944,1978,0,0.0,
-50,34,1945,1979,0,0.0,
-50,34,1946,1980,0,0.0,
-50,34,1947,1981,0,0.0,
-50,34,1948,1982,0,0.0,
-50,34,1949,1983,0,0.0,
-50,34,1950,1984,0,0.0,
-50,34,1951,1985,0,0.0,
-50,34,1952,1986,0,0.0,
-50,34,1953,1987,0,0.0,
-50,34,1954,1988,0,0.0,
-50,34,1955,1989,0,0.0,
-50,34,1956,1990,0,0.0,
-50,34,1957,1991,0,0.0,
-50,34,1958,1992,0,0.0,
-50,34,1959,1993,0,0.0,
-50,34,1960,1994,0,0.0,
-50,34,1961,1995,0,0.0,
-50,34,1962,1996,0,0.0,
-50,34,1963,1997,0,0.0,
-50,34,1964,1998,0,0.0,
-50,34,1965,1999,0,0.0,
-50,34,1966,2000,0,0.0,
-50,34,1967,2001,0,0.0,
-50,34,1968,2002,0,0.0,
-50,34,1969,2003,0,0.0,
-50,34,1970,2004,0,0.0,
-50,34,1971,2005,0,0.0,
-50,34,1972,2006,0,0.0,
-50,34,1973,2007,0,0.0,
-50,34,1974,2008,0,0.0,
-50,34,1975,2009,1,0.01,20.04
-50,34,1976,2010,21,0.24,47.910000000000004
-50,34,1977,2011,21,0.24,29.720000000000002
-50,34,1978,2012,21,0.24,19.139999999999997
-50,34,1979,2013,21,0.24,17.7
-50,34,1980,2014,21,0.24,19.96
-50,34,1981,2015,21,0.24,18.5
-50,34,1982,2016,21,0.24,15.57
-50,34,1983,2017,21,0.24,14.799999999999999
-50,34,1984,2018,21,0.24,15.299999999999999
-50,34,1985,2019,21,0.25,12.959999999999999
-50,34,1986,2020,21,0.25,14.31
-50,35,1928,1963,0,0.0,
-50,35,1929,1964,0,0.0,
-50,35,1930,1965,0,0.0,
-50,35,1931,1966,0,0.0,
-50,35,1932,1967,0,0.0,
-50,35,1933,1968,0,0.0,
-50,35,1934,1969,0,0.0,
-50,35,1935,1970,0,0.0,
-50,35,1936,1971,0,0.0,
-50,35,1937,1972,0,0.0,
-50,35,1938,1973,0,0.0,
-50,35,1939,1974,0,0.0,
-50,35,1940,1975,0,0.0,
-50,35,1941,1976,0,0.0,
-50,35,1942,1977,0,0.0,
-50,35,1943,1978,0,0.0,
-50,35,1944,1979,0,0.0,
-50,35,1945,1980,0,0.0,
-50,35,1946,1981,0,0.0,
-50,35,1947,1982,0,0.0,
-50,35,1948,1983,0,0.0,
-50,35,1949,1984,0,0.0,
-50,35,1950,1985,0,0.0,
-50,35,1951,1986,0,0.0,
-50,35,1952,1987,0,0.0,
-50,35,1953,1988,0,0.0,
-50,35,1954,1989,0,0.0,
-50,35,1955,1990,0,0.0,
-50,35,1956,1991,0,0.0,
-50,35,1957,1992,0,0.0,
-50,35,1958,1993,0,0.0,
-50,35,1959,1994,0,0.0,
-50,35,1960,1995,0,0.0,
-50,35,1961,1996,0,0.0,
-50,35,1962,1997,0,0.0,
-50,35,1963,1998,0,0.0,
-50,35,1964,1999,0,0.0,
-50,35,1965,2000,0,0.0,
-50,35,1966,2001,0,0.0,
-50,35,1967,2002,0,0.0,
-50,35,1968,2003,0,0.0,
-50,35,1969,2004,0,0.0,
-50,35,1970,2005,0,0.0,
-50,35,1971,2006,0,0.0,
-50,35,1972,2007,0,0.0,
-50,35,1973,2008,0,0.0,
-50,35,1974,2009,1,0.01,20.04
-50,35,1975,2010,21,0.24,47.910000000000004
-50,35,1976,2011,21,0.24,29.720000000000002
-50,35,1977,2012,21,0.24,19.139999999999997
-50,35,1978,2013,21,0.24,17.7
-50,35,1979,2014,21,0.24,19.96
-50,35,1980,2015,21,0.24,18.5
-50,35,1981,2016,21,0.24,15.57
-50,35,1982,2017,21,0.24,14.799999999999999
-50,35,1983,2018,21,0.24,15.299999999999999
-50,35,1984,2019,21,0.24,12.959999999999999
-50,35,1985,2020,21,0.24,14.31
-50,36,1928,1964,0,0.0,
-50,36,1929,1965,0,0.0,
-50,36,1930,1966,0,0.0,
-50,36,1931,1967,0,0.0,
-50,36,1932,1968,0,0.0,
-50,36,1933,1969,0,0.0,
-50,36,1934,1970,0,0.0,
-50,36,1935,1971,0,0.0,
-50,36,1936,1972,0,0.0,
-50,36,1937,1973,0,0.0,
-50,36,1938,1974,0,0.0,
-50,36,1939,1975,0,0.0,
-50,36,1940,1976,0,0.0,
-50,36,1941,1977,0,0.0,
-50,36,1942,1978,0,0.0,
-50,36,1943,1979,0,0.0,
-50,36,1944,1980,0,0.0,
-50,36,1945,1981,0,0.0,
-50,36,1946,1982,0,0.0,
-50,36,1947,1983,0,0.0,
-50,36,1948,1984,0,0.0,
-50,36,1949,1985,0,0.0,
-50,36,1950,1986,0,0.0,
-50,36,1951,1987,0,0.0,
-50,36,1952,1988,0,0.0,
-50,36,1953,1989,0,0.0,
-50,36,1954,1990,0,0.0,
-50,36,1955,1991,0,0.0,
-50,36,1956,1992,0,0.0,
-50,36,1957,1993,0,0.0,
-50,36,1958,1994,0,0.0,
-50,36,1959,1995,0,0.0,
-50,36,1960,1996,0,0.0,
-50,36,1961,1997,0,0.0,
-50,36,1962,1998,0,0.0,
-50,36,1963,1999,0,0.0,
-50,36,1964,2000,0,0.0,
-50,36,1965,2001,0,0.0,
-50,36,1966,2002,0,0.0,
-50,36,1967,2003,0,0.0,
-50,36,1968,2004,0,0.0,
-50,36,1969,2005,0,0.0,
-50,36,1970,2006,0,0.0,
-50,36,1971,2007,0,0.0,
-50,36,1972,2008,0,0.0,
-50,36,1973,2009,1,0.01,20.04
-50,36,1974,2010,21,0.22999999999999998,47.910000000000004
-50,36,1975,2011,21,0.22999999999999998,29.720000000000002
-50,36,1976,2012,21,0.22999999999999998,19.139999999999997
-50,36,1977,2013,21,0.22999999999999998,17.7
-50,36,1978,2014,21,0.22999999999999998,19.96
-50,36,1979,2015,21,0.22999999999999998,18.5
-50,36,1980,2016,21,0.22999999999999998,15.57
-50,36,1981,2017,21,0.22999999999999998,14.799999999999999
-50,36,1982,2018,21,0.22999999999999998,15.299999999999999
-50,36,1983,2019,21,0.22999999999999998,12.959999999999999
-50,36,1984,2020,21,0.22999999999999998,14.31
-50,37,1928,1965,0,0.0,
-50,37,1929,1966,0,0.0,
-50,37,1930,1967,0,0.0,
-50,37,1931,1968,0,0.0,
-50,37,1932,1969,0,0.0,
-50,37,1933,1970,0,0.0,
-50,37,1934,1971,0,0.0,
-50,37,1935,1972,0,0.0,
-50,37,1936,1973,0,0.0,
-50,37,1937,1974,0,0.0,
-50,37,1938,1975,0,0.0,
-50,37,1939,1976,0,0.0,
-50,37,1940,1977,0,0.0,
-50,37,1941,1978,0,0.0,
-50,37,1942,1979,0,0.0,
-50,37,1943,1980,0,0.0,
-50,37,1944,1981,0,0.0,
-50,37,1945,1982,0,0.0,
-50,37,1946,1983,0,0.0,
-50,37,1947,1984,0,0.0,
-50,37,1948,1985,0,0.0,
-50,37,1949,1986,0,0.0,
-50,37,1950,1987,0,0.0,
-50,37,1951,1988,0,0.0,
-50,37,1952,1989,0,0.0,
-50,37,1953,1990,0,0.0,
-50,37,1954,1991,0,0.0,
-50,37,1955,1992,0,0.0,
-50,37,1956,1993,0,0.0,
-50,37,1957,1994,0,0.0,
-50,37,1958,1995,0,0.0,
-50,37,1959,1996,0,0.0,
-50,37,1960,1997,0,0.0,
-50,37,1961,1998,0,0.0,
-50,37,1962,1999,0,0.0,
-50,37,1963,2000,0,0.0,
-50,37,1964,2001,0,0.0,
-50,37,1965,2002,0,0.0,
-50,37,1966,2003,0,0.0,
-50,37,1967,2004,0,0.0,
-50,37,1968,2005,0,0.0,
-50,37,1969,2006,0,0.0,
-50,37,1970,2007,0,0.0,
-50,37,1971,2008,0,0.0,
-50,37,1972,2009,1,0.01,20.04
-50,37,1973,2010,21,0.22,47.910000000000004
-50,37,1974,2011,21,0.22,29.720000000000002
-50,37,1975,2012,21,0.22,19.139999999999997
-50,37,1976,2013,21,0.22,17.7
-50,37,1977,2014,21,0.22,19.96
-50,37,1978,2015,21,0.22,18.5
-50,37,1979,2016,21,0.22,15.57
-50,37,1980,2017,21,0.22999999999999998,14.799999999999999
-50,37,1981,2018,21,0.22999999999999998,15.299999999999999
-50,37,1982,2019,21,0.22999999999999998,12.959999999999999
-50,37,1983,2020,21,0.22999999999999998,14.31
-50,38,1928,1966,0,0.0,
-50,38,1929,1967,0,0.0,
-50,38,1930,1968,0,0.0,
-50,38,1931,1969,0,0.0,
-50,38,1932,1970,0,0.0,
-50,38,1933,1971,0,0.0,
-50,38,1934,1972,0,0.0,
-50,38,1935,1973,0,0.0,
-50,38,1936,1974,0,0.0,
-50,38,1937,1975,0,0.0,
-50,38,1938,1976,0,0.0,
-50,38,1939,1977,0,0.0,
-50,38,1940,1978,0,0.0,
-50,38,1941,1979,0,0.0,
-50,38,1942,1980,0,0.0,
-50,38,1943,1981,0,0.0,
-50,38,1944,1982,0,0.0,
-50,38,1945,1983,0,0.0,
-50,38,1946,1984,0,0.0,
-50,38,1947,1985,0,0.0,
-50,38,1948,1986,0,0.0,
-50,38,1949,1987,0,0.0,
-50,38,1950,1988,0,0.0,
-50,38,1951,1989,0,0.0,
-50,38,1952,1990,0,0.0,
-50,38,1953,1991,0,0.0,
-50,38,1954,1992,0,0.0,
-50,38,1955,1993,0,0.0,
-50,38,1956,1994,0,0.0,
-50,38,1957,1995,0,0.0,
-50,38,1958,1996,0,0.0,
-50,38,1959,1997,0,0.0,
-50,38,1960,1998,0,0.0,
-50,38,1961,1999,0,0.0,
-50,38,1962,2000,0,0.0,
-50,38,1963,2001,0,0.0,
-50,38,1964,2002,0,0.0,
-50,38,1965,2003,0,0.0,
-50,38,1966,2004,0,0.0,
-50,38,1967,2005,0,0.0,
-50,38,1968,2006,0,0.0,
-50,38,1969,2007,0,0.0,
-50,38,1970,2008,0,0.0,
-50,38,1971,2009,1,0.01,20.04
-50,38,1972,2010,21,0.22,47.910000000000004
-50,38,1973,2011,21,0.22,29.720000000000002
-50,38,1974,2012,21,0.22,19.139999999999997
-50,38,1975,2013,21,0.22,17.7
-50,38,1976,2014,21,0.22,19.96
-50,38,1977,2015,21,0.22,18.5
-50,38,1978,2016,21,0.22,15.57
-50,38,1979,2017,21,0.22,14.799999999999999
-50,38,1980,2018,21,0.22,15.299999999999999
-50,38,1981,2019,21,0.22,12.959999999999999
-50,38,1982,2020,21,0.22,14.31
-50,39,1928,1967,0,0.0,
-50,39,1929,1968,0,0.0,
-50,39,1930,1969,0,0.0,
-50,39,1931,1970,0,0.0,
-50,39,1932,1971,0,0.0,
-50,39,1933,1972,0,0.0,
-50,39,1934,1973,0,0.0,
-50,39,1935,1974,0,0.0,
-50,39,1936,1975,0,0.0,
-50,39,1937,1976,0,0.0,
-50,39,1938,1977,0,0.0,
-50,39,1939,1978,0,0.0,
-50,39,1940,1979,0,0.0,
-50,39,1941,1980,0,0.0,
-50,39,1942,1981,0,0.0,
-50,39,1943,1982,0,0.0,
-50,39,1944,1983,0,0.0,
-50,39,1945,1984,0,0.0,
-50,39,1946,1985,0,0.0,
-50,39,1947,1986,0,0.0,
-50,39,1948,1987,0,0.0,
-50,39,1949,1988,0,0.0,
-50,39,1950,1989,0,0.0,
-50,39,1951,1990,0,0.0,
-50,39,1952,1991,0,0.0,
-50,39,1953,1992,0,0.0,
-50,39,1954,1993,0,0.0,
-50,39,1955,1994,0,0.0,
-50,39,1956,1995,0,0.0,
-50,39,1957,1996,0,0.0,
-50,39,1958,1997,0,0.0,
-50,39,1959,1998,0,0.0,
-50,39,1960,1999,0,0.0,
-50,39,1961,2000,0,0.0,
-50,39,1962,2001,0,0.0,
-50,39,1963,2002,0,0.0,
-50,39,1964,2003,0,0.0,
-50,39,1965,2004,0,0.0,
-50,39,1966,2005,0,0.0,
-50,39,1967,2006,0,0.0,
-50,39,1968,2007,0,0.0,
-50,39,1969,2008,0,0.0,
-50,39,1970,2009,1,0.01,20.04
-50,39,1971,2010,21,0.21,47.910000000000004
-50,39,1972,2011,21,0.21,29.720000000000002
-50,39,1973,2012,21,0.21,19.139999999999997
-50,39,1974,2013,21,0.21,17.7
-50,39,1975,2014,21,0.21,19.96
-50,39,1976,2015,21,0.21,18.5
-50,39,1977,2016,21,0.21,15.57
-50,39,1978,2017,21,0.21,14.799999999999999
-50,39,1979,2018,21,0.21,15.299999999999999
-50,39,1980,2019,21,0.21,12.959999999999999
-50,39,1981,2020,21,0.21,14.31
-50,40,1928,1968,0,0.0,
-50,40,1929,1969,0,0.0,
-50,40,1930,1970,0,0.0,
-50,40,1931,1971,0,0.0,
-50,40,1932,1972,0,0.0,
-50,40,1933,1973,0,0.0,
-50,40,1934,1974,0,0.0,
-50,40,1935,1975,0,0.0,
-50,40,1936,1976,0,0.0,
-50,40,1937,1977,0,0.0,
-50,40,1938,1978,0,0.0,
-50,40,1939,1979,0,0.0,
-50,40,1940,1980,0,0.0,
-50,40,1941,1981,0,0.0,
-50,40,1942,1982,0,0.0,
-50,40,1943,1983,0,0.0,
-50,40,1944,1984,0,0.0,
-50,40,1945,1985,0,0.0,
-50,40,1946,1986,0,0.0,
-50,40,1947,1987,0,0.0,
-50,40,1948,1988,0,0.0,
-50,40,1949,1989,0,0.0,
-50,40,1950,1990,0,0.0,
-50,40,1951,1991,0,0.0,
-50,40,1952,1992,0,0.0,
-50,40,1953,1993,0,0.0,
-50,40,1954,1994,0,0.0,
-50,40,1955,1995,0,0.0,
-50,40,1956,1996,0,0.0,
-50,40,1957,1997,0,0.0,
-50,40,1958,1998,0,0.0,
-50,40,1959,1999,0,0.0,
-50,40,1960,2000,0,0.0,
-50,40,1961,2001,0,0.0,
-50,40,1962,2002,0,0.0,
-50,40,1963,2003,0,0.0,
-50,40,1964,2004,0,0.0,
-50,40,1965,2005,0,0.0,
-50,40,1966,2006,0,0.0,
-50,40,1967,2007,0,0.0,
-50,40,1968,2008,0,0.0,
-50,40,1969,2009,1,0.01,20.04
-50,40,1970,2010,21,0.21,47.910000000000004
-50,40,1971,2011,21,0.21,29.720000000000002
-50,40,1972,2012,21,0.21,19.139999999999997
-50,40,1973,2013,21,0.21,17.7
-50,40,1974,2014,21,0.21,19.96
-50,40,1975,2015,21,0.21,18.5
-50,40,1976,2016,21,0.21,15.57
-50,40,1977,2017,21,0.21,14.799999999999999
-50,40,1978,2018,21,0.21,15.299999999999999
-50,40,1979,2019,21,0.21,12.959999999999999
-50,40,1980,2020,21,0.21,14.31
-50,41,1928,1969,0,0.0,
-50,41,1929,1970,0,0.0,
-50,41,1930,1971,0,0.0,
-50,41,1931,1972,0,0.0,
-50,41,1932,1973,0,0.0,
-50,41,1933,1974,0,0.0,
-50,41,1934,1975,0,0.0,
-50,41,1935,1976,0,0.0,
-50,41,1936,1977,0,0.0,
-50,41,1937,1978,0,0.0,
-50,41,1938,1979,0,0.0,
-50,41,1939,1980,0,0.0,
-50,41,1940,1981,0,0.0,
-50,41,1941,1982,0,0.0,
-50,41,1942,1983,0,0.0,
-50,41,1943,1984,0,0.0,
-50,41,1944,1985,0,0.0,
-50,41,1945,1986,0,0.0,
-50,41,1946,1987,0,0.0,
-50,41,1947,1988,0,0.0,
-50,41,1948,1989,0,0.0,
-50,41,1949,1990,0,0.0,
-50,41,1950,1991,0,0.0,
-50,41,1951,1992,0,0.0,
-50,41,1952,1993,0,0.0,
-50,41,1953,1994,0,0.0,
-50,41,1954,1995,0,0.0,
-50,41,1955,1996,0,0.0,
-50,41,1956,1997,0,0.0,
-50,41,1957,1998,0,0.0,
-50,41,1958,1999,0,0.0,
-50,41,1959,2000,0,0.0,
-50,41,1960,2001,0,0.0,
-50,41,1961,2002,0,0.0,
-50,41,1962,2003,0,0.0,
-50,41,1963,2004,0,0.0,
-50,41,1964,2005,0,0.0,
-50,41,1965,2006,0,0.0,
-50,41,1966,2007,0,0.0,
-50,41,1967,2008,0,0.0,
-50,41,1968,2009,1,0.01,20.04
-50,41,1969,2010,21,0.2,47.910000000000004
-50,41,1970,2011,21,0.2,29.720000000000002
-50,41,1971,2012,21,0.2,19.139999999999997
-50,41,1972,2013,21,0.2,17.7
-50,41,1973,2014,21,0.2,19.96
-50,41,1974,2015,21,0.2,18.5
-50,41,1975,2016,21,0.2,15.57
-50,41,1976,2017,21,0.2,14.799999999999999
-50,41,1977,2018,21,0.2,15.299999999999999
-50,41,1978,2019,21,0.2,12.959999999999999
-50,41,1979,2020,21,0.2,14.31
-50,42,1928,1970,0,0.0,
-50,42,1929,1971,0,0.0,
-50,42,1930,1972,0,0.0,
-50,42,1931,1973,0,0.0,
-50,42,1932,1974,0,0.0,
-50,42,1933,1975,0,0.0,
-50,42,1934,1976,0,0.0,
-50,42,1935,1977,0,0.0,
-50,42,1936,1978,0,0.0,
-50,42,1937,1979,0,0.0,
-50,42,1938,1980,0,0.0,
-50,42,1939,1981,0,0.0,
-50,42,1940,1982,0,0.0,
-50,42,1941,1983,0,0.0,
-50,42,1942,1984,0,0.0,
-50,42,1943,1985,0,0.0,
-50,42,1944,1986,0,0.0,
-50,42,1945,1987,0,0.0,
-50,42,1946,1988,0,0.0,
-50,42,1947,1989,0,0.0,
-50,42,1948,1990,0,0.0,
-50,42,1949,1991,0,0.0,
-50,42,1950,1992,0,0.0,
-50,42,1951,1993,0,0.0,
-50,42,1952,1994,0,0.0,
-50,42,1953,1995,0,0.0,
-50,42,1954,1996,0,0.0,
-50,42,1955,1997,0,0.0,
-50,42,1956,1998,0,0.0,
-50,42,1957,1999,0,0.0,
-50,42,1958,2000,0,0.0,
-50,42,1959,2001,0,0.0,
-50,42,1960,2002,0,0.0,
-50,42,1961,2003,0,0.0,
-50,42,1962,2004,0,0.0,
-50,42,1963,2005,0,0.0,
-50,42,1964,2006,0,0.0,
-50,42,1965,2007,0,0.0,
-50,42,1966,2008,0,0.0,
-50,42,1967,2009,1,0.01,20.04
-50,42,1968,2010,21,0.2,47.910000000000004
-50,42,1969,2011,21,0.2,29.720000000000002
-50,42,1970,2012,21,0.2,19.139999999999997
-50,42,1971,2013,21,0.2,17.7
-50,42,1972,2014,21,0.2,19.96
-50,42,1973,2015,21,0.2,18.5
-50,42,1974,2016,21,0.2,15.57
-50,42,1975,2017,21,0.2,14.799999999999999
-50,42,1976,2018,21,0.2,15.299999999999999
-50,42,1977,2019,21,0.2,12.959999999999999
-50,42,1978,2020,21,0.2,14.31
-50,43,1928,1971,0,0.0,
-50,43,1929,1972,0,0.0,
-50,43,1930,1973,0,0.0,
-50,43,1931,1974,0,0.0,
-50,43,1932,1975,0,0.0,
-50,43,1933,1976,0,0.0,
-50,43,1934,1977,0,0.0,
-50,43,1935,1978,0,0.0,
-50,43,1936,1979,0,0.0,
-50,43,1937,1980,0,0.0,
-50,43,1938,1981,0,0.0,
-50,43,1939,1982,0,0.0,
-50,43,1940,1983,0,0.0,
-50,43,1941,1984,0,0.0,
-50,43,1942,1985,0,0.0,
-50,43,1943,1986,0,0.0,
-50,43,1944,1987,0,0.0,
-50,43,1945,1988,0,0.0,
-50,43,1946,1989,0,0.0,
-50,43,1947,1990,0,0.0,
-50,43,1948,1991,0,0.0,
-50,43,1949,1992,0,0.0,
-50,43,1950,1993,0,0.0,
-50,43,1951,1994,0,0.0,
-50,43,1952,1995,0,0.0,
-50,43,1953,1996,0,0.0,
-50,43,1954,1997,0,0.0,
-50,43,1955,1998,0,0.0,
-50,43,1956,1999,0,0.0,
-50,43,1957,2000,0,0.0,
-50,43,1958,2001,0,0.0,
-50,43,1959,2002,0,0.0,
-50,43,1960,2003,0,0.0,
-50,43,1961,2004,0,0.0,
-50,43,1962,2005,0,0.0,
-50,43,1963,2006,0,0.0,
-50,43,1964,2007,0,0.0,
-50,43,1965,2008,0,0.0,
-50,43,1966,2009,1,0.01,20.04
-50,43,1967,2010,21,0.19,47.910000000000004
-50,43,1968,2011,21,0.19,29.720000000000002
-50,43,1969,2012,21,0.19,19.139999999999997
-50,43,1970,2013,21,0.19,17.7
-50,43,1971,2014,21,0.19,19.96
-50,43,1972,2015,21,0.19,18.5
-50,43,1973,2016,21,0.19,15.57
-50,43,1974,2017,21,0.19,14.799999999999999
-50,43,1975,2018,21,0.19,15.299999999999999
-50,43,1976,2019,21,0.19,12.959999999999999
-50,43,1977,2020,21,0.19,14.31
-50,44,1928,1972,0,0.0,
-50,44,1929,1973,0,0.0,
-50,44,1930,1974,0,0.0,
-50,44,1931,1975,0,0.0,
-50,44,1932,1976,0,0.0,
-50,44,1933,1977,0,0.0,
-50,44,1934,1978,0,0.0,
-50,44,1935,1979,0,0.0,
-50,44,1936,1980,0,0.0,
-50,44,1937,1981,0,0.0,
-50,44,1938,1982,0,0.0,
-50,44,1939,1983,0,0.0,
-50,44,1940,1984,0,0.0,
-50,44,1941,1985,0,0.0,
-50,44,1942,1986,0,0.0,
-50,44,1943,1987,0,0.0,
-50,44,1944,1988,0,0.0,
-50,44,1945,1989,0,0.0,
-50,44,1946,1990,0,0.0,
-50,44,1947,1991,0,0.0,
-50,44,1948,1992,0,0.0,
-50,44,1949,1993,0,0.0,
-50,44,1950,1994,0,0.0,
-50,44,1951,1995,0,0.0,
-50,44,1952,1996,0,0.0,
-50,44,1953,1997,0,0.0,
-50,44,1954,1998,0,0.0,
-50,44,1955,1999,0,0.0,
-50,44,1956,2000,0,0.0,
-50,44,1957,2001,0,0.0,
-50,44,1958,2002,0,0.0,
-50,44,1959,2003,0,0.0,
-50,44,1960,2004,0,0.0,
-50,44,1961,2005,0,0.0,
-50,44,1962,2006,0,0.0,
-50,44,1963,2007,0,0.0,
-50,44,1964,2008,0,0.0,
-50,44,1965,2009,1,0.01,20.04
-50,44,1966,2010,21,0.19,47.910000000000004
-50,44,1967,2011,21,0.19,29.720000000000002
-50,44,1968,2012,21,0.19,19.139999999999997
-50,44,1969,2013,21,0.19,17.7
-50,44,1970,2014,21,0.19,19.96
-50,44,1971,2015,21,0.19,18.5
-50,44,1972,2016,21,0.19,15.57
-50,44,1973,2017,21,0.19,14.799999999999999
-50,44,1974,2018,21,0.19,15.299999999999999
-50,44,1975,2019,21,0.19,12.959999999999999
-50,44,1976,2020,21,0.19,14.31
-50,45,1928,1973,0,0.0,
-50,45,1929,1974,0,0.0,
-50,45,1930,1975,0,0.0,
-50,45,1931,1976,0,0.0,
-50,45,1932,1977,0,0.0,
-50,45,1933,1978,0,0.0,
-50,45,1934,1979,0,0.0,
-50,45,1935,1980,0,0.0,
-50,45,1936,1981,0,0.0,
-50,45,1937,1982,0,0.0,
-50,45,1938,1983,0,0.0,
-50,45,1939,1984,0,0.0,
-50,45,1940,1985,0,0.0,
-50,45,1941,1986,0,0.0,
-50,45,1942,1987,0,0.0,
-50,45,1943,1988,0,0.0,
-50,45,1944,1989,0,0.0,
-50,45,1945,1990,0,0.0,
-50,45,1946,1991,0,0.0,
-50,45,1947,1992,0,0.0,
-50,45,1948,1993,0,0.0,
-50,45,1949,1994,0,0.0,
-50,45,1950,1995,0,0.0,
-50,45,1951,1996,0,0.0,
-50,45,1952,1997,0,0.0,
-50,45,1953,1998,0,0.0,
-50,45,1954,1999,0,0.0,
-50,45,1955,2000,0,0.0,
-50,45,1956,2001,0,0.0,
-50,45,1957,2002,0,0.0,
-50,45,1958,2003,0,0.0,
-50,45,1959,2004,0,0.0,
-50,45,1960,2005,0,0.0,
-50,45,1961,2006,0,0.0,
-50,45,1962,2007,0,0.0,
-50,45,1963,2008,0,0.0,
-50,45,1964,2009,1,0.01,20.04
-50,45,1965,2010,21,0.19,47.910000000000004
-50,45,1966,2011,21,0.19,29.720000000000002
-50,45,1967,2012,21,0.19,19.139999999999997
-50,45,1968,2013,21,0.19,17.7
-50,45,1969,2014,21,0.18,19.96
-50,45,1970,2015,21,0.18,18.5
-50,45,1971,2016,21,0.18,15.57
-50,45,1972,2017,21,0.18,14.799999999999999
-50,45,1973,2018,21,0.18,15.299999999999999
-50,45,1974,2019,21,0.19,12.959999999999999
-50,45,1975,2020,21,0.19,14.31
-50,46,1928,1974,0,0.0,
-50,46,1929,1975,0,0.0,
-50,46,1930,1976,0,0.0,
-50,46,1931,1977,0,0.0,
-50,46,1932,1978,0,0.0,
-50,46,1933,1979,0,0.0,
-50,46,1934,1980,0,0.0,
-50,46,1935,1981,0,0.0,
-50,46,1936,1982,0,0.0,
-50,46,1937,1983,0,0.0,
-50,46,1938,1984,0,0.0,
-50,46,1939,1985,0,0.0,
-50,46,1940,1986,0,0.0,
-50,46,1941,1987,0,0.0,
-50,46,1942,1988,0,0.0,
-50,46,1943,1989,0,0.0,
-50,46,1944,1990,0,0.0,
-50,46,1945,1991,0,0.0,
-50,46,1946,1992,0,0.0,
-50,46,1947,1993,0,0.0,
-50,46,1948,1994,0,0.0,
-50,46,1949,1995,0,0.0,
-50,46,1950,1996,0,0.0,
-50,46,1951,1997,0,0.0,
-50,46,1952,1998,0,0.0,
-50,46,1953,1999,0,0.0,
-50,46,1954,2000,0,0.0,
-50,46,1955,2001,0,0.0,
-50,46,1956,2002,0,0.0,
-50,46,1957,2003,0,0.0,
-50,46,1958,2004,0,0.0,
-50,46,1959,2005,0,0.0,
-50,46,1960,2006,0,0.0,
-50,46,1961,2007,0,0.0,
-50,46,1962,2008,0,0.0,
-50,46,1963,2009,1,0.01,20.04
-50,46,1964,2010,21,0.18,47.910000000000004
-50,46,1965,2011,21,0.18,29.720000000000002
-50,46,1966,2012,21,0.18,19.139999999999997
-50,46,1967,2013,21,0.18,17.7
-50,46,1968,2014,21,0.18,19.96
-50,46,1969,2015,21,0.18,18.5
-50,46,1970,2016,21,0.18,15.57
-50,46,1971,2017,21,0.18,14.799999999999999
-50,46,1972,2018,21,0.18,15.299999999999999
-50,46,1973,2019,21,0.18,12.959999999999999
-50,46,1974,2020,21,0.18,14.31
-50,47,1928,1975,0,0.0,
-50,47,1929,1976,0,0.0,
-50,47,1930,1977,0,0.0,
-50,47,1931,1978,0,0.0,
-50,47,1932,1979,0,0.0,
-50,47,1933,1980,0,0.0,
-50,47,1934,1981,0,0.0,
-50,47,1935,1982,0,0.0,
-50,47,1936,1983,0,0.0,
-50,47,1937,1984,0,0.0,
-50,47,1938,1985,0,0.0,
-50,47,1939,1986,0,0.0,
-50,47,1940,1987,0,0.0,
-50,47,1941,1988,0,0.0,
-50,47,1942,1989,0,0.0,
-50,47,1943,1990,0,0.0,
-50,47,1944,1991,0,0.0,
-50,47,1945,1992,0,0.0,
-50,47,1946,1993,0,0.0,
-50,47,1947,1994,0,0.0,
-50,47,1948,1995,0,0.0,
-50,47,1949,1996,0,0.0,
-50,47,1950,1997,0,0.0,
-50,47,1951,1998,0,0.0,
-50,47,1952,1999,0,0.0,
-50,47,1953,2000,0,0.0,
-50,47,1954,2001,0,0.0,
-50,47,1955,2002,0,0.0,
-50,47,1956,2003,0,0.0,
-50,47,1957,2004,0,0.0,
-50,47,1958,2005,0,0.0,
-50,47,1959,2006,0,0.0,
-50,47,1960,2007,0,0.0,
-50,47,1961,2008,0,0.0,
-50,47,1962,2009,1,0.01,20.04
-50,47,1963,2010,21,0.18,47.910000000000004
-50,47,1964,2011,21,0.18,29.720000000000002
-50,47,1965,2012,21,0.18,19.139999999999997
-50,47,1966,2013,21,0.18,17.7
-50,47,1967,2014,21,0.18,19.96
-50,47,1968,2015,21,0.18,18.5
-50,47,1969,2016,21,0.18,15.57
-50,47,1970,2017,21,0.18,14.799999999999999
-50,47,1971,2018,21,0.18,15.299999999999999
-50,47,1972,2019,21,0.18,12.959999999999999
-50,47,1973,2020,21,0.18,14.31
-50,48,1928,1976,0,0.0,
-50,48,1929,1977,0,0.0,
-50,48,1930,1978,0,0.0,
-50,48,1931,1979,0,0.0,
-50,48,1932,1980,0,0.0,
-50,48,1933,1981,0,0.0,
-50,48,1934,1982,0,0.0,
-50,48,1935,1983,0,0.0,
-50,48,1936,1984,0,0.0,
-50,48,1937,1985,0,0.0,
-50,48,1938,1986,0,0.0,
-50,48,1939,1987,0,0.0,
-50,48,1940,1988,0,0.0,
-50,48,1941,1989,0,0.0,
-50,48,1942,1990,0,0.0,
-50,48,1943,1991,0,0.0,
-50,48,1944,1992,0,0.0,
-50,48,1945,1993,0,0.0,
-50,48,1946,1994,0,0.0,
-50,48,1947,1995,0,0.0,
-50,48,1948,1996,0,0.0,
-50,48,1949,1997,0,0.0,
-50,48,1950,1998,0,0.0,
-50,48,1951,1999,0,0.0,
-50,48,1952,2000,0,0.0,
-50,48,1953,2001,0,0.0,
-50,48,1954,2002,0,0.0,
-50,48,1955,2003,0,0.0,
-50,48,1956,2004,0,0.0,
-50,48,1957,2005,0,0.0,
-50,48,1958,2006,0,0.0,
-50,48,1959,2007,0,0.0,
-50,48,1960,2008,0,0.0,
-50,48,1961,2009,1,0.01,20.04
-50,48,1962,2010,21,0.16999999999999998,47.910000000000004
-50,48,1963,2011,21,0.16999999999999998,29.720000000000002
-50,48,1964,2012,21,0.16999999999999998,19.139999999999997
-50,48,1965,2013,21,0.16999999999999998,17.7
-50,48,1966,2014,21,0.16999999999999998,19.96
-50,48,1967,2015,21,0.16999999999999998,18.5
-50,48,1968,2016,21,0.16999999999999998,15.57
-50,48,1969,2017,21,0.16999999999999998,14.799999999999999
-50,48,1970,2018,21,0.16999999999999998,15.299999999999999
-50,48,1971,2019,21,0.16999999999999998,12.959999999999999
-50,48,1972,2020,21,0.16999999999999998,14.31
-50,49,1928,1977,0,0.0,
-50,49,1929,1978,0,0.0,
-50,49,1930,1979,0,0.0,
-50,49,1931,1980,0,0.0,
-50,49,1932,1981,0,0.0,
-50,49,1933,1982,0,0.0,
-50,49,1934,1983,0,0.0,
-50,49,1935,1984,0,0.0,
-50,49,1936,1985,0,0.0,
-50,49,1937,1986,0,0.0,
-50,49,1938,1987,0,0.0,
-50,49,1939,1988,0,0.0,
-50,49,1940,1989,0,0.0,
-50,49,1941,1990,0,0.0,
-50,49,1942,1991,0,0.0,
-50,49,1943,1992,0,0.0,
-50,49,1944,1993,0,0.0,
-50,49,1945,1994,0,0.0,
-50,49,1946,1995,0,0.0,
-50,49,1947,1996,0,0.0,
-50,49,1948,1997,0,0.0,
-50,49,1949,1998,0,0.0,
-50,49,1950,1999,0,0.0,
-50,49,1951,2000,0,0.0,
-50,49,1952,2001,0,0.0,
-50,49,1953,2002,0,0.0,
-50,49,1954,2003,0,0.0,
-50,49,1955,2004,0,0.0,
-50,49,1956,2005,0,0.0,
-50,49,1957,2006,0,0.0,
-50,49,1958,2007,0,0.0,
-50,49,1959,2008,0,0.0,
-50,49,1960,2009,1,0.01,20.04
-50,49,1961,2010,21,0.16999999999999998,47.910000000000004
-50,49,1962,2011,21,0.16999999999999998,29.720000000000002
-50,49,1963,2012,21,0.16999999999999998,19.139999999999997
-50,49,1964,2013,21,0.16999999999999998,17.7
-50,49,1965,2014,21,0.16999999999999998,19.96
-50,49,1966,2015,21,0.16999999999999998,18.5
-50,49,1967,2016,21,0.16999999999999998,15.57
-50,49,1968,2017,21,0.16999999999999998,14.799999999999999
-50,49,1969,2018,21,0.16999999999999998,15.299999999999999
-50,49,1970,2019,21,0.16999999999999998,12.959999999999999
-50,49,1971,2020,21,0.16999999999999998,14.31
-50,50,1928,1978,0,0.0,
-50,50,1929,1979,0,0.0,
-50,50,1930,1980,0,0.0,
-50,50,1931,1981,0,0.0,
-50,50,1932,1982,0,0.0,
-50,50,1933,1983,0,0.0,
-50,50,1934,1984,0,0.0,
-50,50,1935,1985,0,0.0,
-50,50,1936,1986,0,0.0,
-50,50,1937,1987,0,0.0,
-50,50,1938,1988,0,0.0,
-50,50,1939,1989,0,0.0,
-50,50,1940,1990,0,0.0,
-50,50,1941,1991,0,0.0,
-50,50,1942,1992,0,0.0,
-50,50,1943,1993,0,0.0,
-50,50,1944,1994,0,0.0,
-50,50,1945,1995,0,0.0,
-50,50,1946,1996,0,0.0,
-50,50,1947,1997,0,0.0,
-50,50,1948,1998,0,0.0,
-50,50,1949,1999,0,0.0,
-50,50,1950,2000,0,0.0,
-50,50,1951,2001,0,0.0,
-50,50,1952,2002,0,0.0,
-50,50,1953,2003,0,0.0,
-50,50,1954,2004,0,0.0,
-50,50,1955,2005,0,0.0,
-50,50,1956,2006,0,0.0,
-50,50,1957,2007,0,0.0,
-50,50,1958,2008,0,0.0,
-50,50,1959,2009,1,0.01,20.04
-50,50,1960,2010,21,0.16999999999999998,47.910000000000004
-50,50,1961,2011,21,0.16999999999999998,29.720000000000002
-50,50,1962,2012,21,0.16999999999999998,19.139999999999997
-50,50,1963,2013,21,0.16999999999999998,17.7
-50,50,1964,2014,21,0.16999999999999998,19.96
-50,50,1965,2015,21,0.16999999999999998,18.5
-50,50,1966,2016,21,0.16999999999999998,15.57
-50,50,1967,2017,21,0.16999999999999998,14.799999999999999
-50,50,1968,2018,21,0.16999999999999998,15.299999999999999
-50,50,1969,2019,21,0.16999999999999998,12.959999999999999
-50,50,1970,2020,21,0.16999999999999998,14.31
-50,51,1928,1979,0,0.0,
-50,51,1929,1980,0,0.0,
-50,51,1930,1981,0,0.0,
-50,51,1931,1982,0,0.0,
-50,51,1932,1983,0,0.0,
-50,51,1933,1984,0,0.0,
-50,51,1934,1985,0,0.0,
-50,51,1935,1986,0,0.0,
-50,51,1936,1987,0,0.0,
-50,51,1937,1988,0,0.0,
-50,51,1938,1989,0,0.0,
-50,51,1939,1990,0,0.0,
-50,51,1940,1991,0,0.0,
-50,51,1941,1992,0,0.0,
-50,51,1942,1993,0,0.0,
-50,51,1943,1994,0,0.0,
-50,51,1944,1995,0,0.0,
-50,51,1945,1996,0,0.0,
-50,51,1946,1997,0,0.0,
-50,51,1947,1998,0,0.0,
-50,51,1948,1999,0,0.0,
-50,51,1949,2000,0,0.0,
-50,51,1950,2001,0,0.0,
-50,51,1951,2002,0,0.0,
-50,51,1952,2003,0,0.0,
-50,51,1953,2004,0,0.0,
-50,51,1954,2005,0,0.0,
-50,51,1955,2006,0,0.0,
-50,51,1956,2007,0,0.0,
-50,51,1957,2008,0,0.0,
-50,51,1958,2009,1,0.01,20.04
-50,51,1959,2010,21,0.16,47.910000000000004
-50,51,1960,2011,21,0.16,29.720000000000002
-50,51,1961,2012,21,0.16,19.139999999999997
-50,51,1962,2013,21,0.16,17.7
-50,51,1963,2014,21,0.16,19.96
-50,51,1964,2015,21,0.16,18.5
-50,51,1965,2016,21,0.16,15.57
-50,51,1966,2017,21,0.16,14.799999999999999
-50,51,1967,2018,21,0.16,15.299999999999999
-50,51,1968,2019,21,0.16,12.959999999999999
-50,51,1969,2020,21,0.16,14.31
-50,52,1928,1980,0,0.0,
-50,52,1929,1981,0,0.0,
-50,52,1930,1982,0,0.0,
-50,52,1931,1983,0,0.0,
-50,52,1932,1984,0,0.0,
-50,52,1933,1985,0,0.0,
-50,52,1934,1986,0,0.0,
-50,52,1935,1987,0,0.0,
-50,52,1936,1988,0,0.0,
-50,52,1937,1989,0,0.0,
-50,52,1938,1990,0,0.0,
-50,52,1939,1991,0,0.0,
-50,52,1940,1992,0,0.0,
-50,52,1941,1993,0,0.0,
-50,52,1942,1994,0,0.0,
-50,52,1943,1995,0,0.0,
-50,52,1944,1996,0,0.0,
-50,52,1945,1997,0,0.0,
-50,52,1946,1998,0,0.0,
-50,52,1947,1999,0,0.0,
-50,52,1948,2000,0,0.0,
-50,52,1949,2001,0,0.0,
-50,52,1950,2002,0,0.0,
-50,52,1951,2003,0,0.0,
-50,52,1952,2004,0,0.0,
-50,52,1953,2005,0,0.0,
-50,52,1954,2006,0,0.0,
-50,52,1955,2007,0,0.0,
-50,52,1956,2008,0,0.0,
-50,52,1957,2009,1,0.01,20.04
-50,52,1958,2010,21,0.16,47.910000000000004
-50,52,1959,2011,21,0.16,29.720000000000002
-50,52,1960,2012,21,0.16,19.139999999999997
-50,52,1961,2013,21,0.16,17.7
-50,52,1962,2014,21,0.16,19.96
-50,52,1963,2015,21,0.16,18.5
-50,52,1964,2016,21,0.16,15.57
-50,52,1965,2017,21,0.16,14.799999999999999
-50,52,1966,2018,21,0.16,15.299999999999999
-50,52,1967,2019,21,0.16,12.959999999999999
-50,52,1968,2020,21,0.16,14.31
-50,53,1928,1981,0,0.0,
-50,53,1929,1982,0,0.0,
-50,53,1930,1983,0,0.0,
-50,53,1931,1984,0,0.0,
-50,53,1932,1985,0,0.0,
-50,53,1933,1986,0,0.0,
-50,53,1934,1987,0,0.0,
-50,53,1935,1988,0,0.0,
-50,53,1936,1989,0,0.0,
-50,53,1937,1990,0,0.0,
-50,53,1938,1991,0,0.0,
-50,53,1939,1992,0,0.0,
-50,53,1940,1993,0,0.0,
-50,53,1941,1994,0,0.0,
-50,53,1942,1995,0,0.0,
-50,53,1943,1996,0,0.0,
-50,53,1944,1997,0,0.0,
-50,53,1945,1998,0,0.0,
-50,53,1946,1999,0,0.0,
-50,53,1947,2000,0,0.0,
-50,53,1948,2001,0,0.0,
-50,53,1949,2002,0,0.0,
-50,53,1950,2003,0,0.0,
-50,53,1951,2004,0,0.0,
-50,53,1952,2005,0,0.0,
-50,53,1953,2006,0,0.0,
-50,53,1954,2007,0,0.0,
-50,53,1955,2008,0,0.0,
-50,53,1956,2009,1,0.01,20.04
-50,53,1957,2010,21,0.16,47.910000000000004
-50,53,1958,2011,21,0.16,29.720000000000002
-50,53,1959,2012,21,0.16,19.139999999999997
-50,53,1960,2013,21,0.16,17.7
-50,53,1961,2014,21,0.16,19.96
-50,53,1962,2015,21,0.16,18.5
-50,53,1963,2016,21,0.16,15.57
-50,53,1964,2017,21,0.16,14.799999999999999
-50,53,1965,2018,21,0.16,15.299999999999999
-50,53,1966,2019,21,0.16,12.959999999999999
-50,53,1967,2020,21,0.16,14.31
-50,54,1928,1982,0,0.0,
-50,54,1929,1983,0,0.0,
-50,54,1930,1984,0,0.0,
-50,54,1931,1985,0,0.0,
-50,54,1932,1986,0,0.0,
-50,54,1933,1987,0,0.0,
-50,54,1934,1988,0,0.0,
-50,54,1935,1989,0,0.0,
-50,54,1936,1990,0,0.0,
-50,54,1937,1991,0,0.0,
-50,54,1938,1992,0,0.0,
-50,54,1939,1993,0,0.0,
-50,54,1940,1994,0,0.0,
-50,54,1941,1995,0,0.0,
-50,54,1942,1996,0,0.0,
-50,54,1943,1997,0,0.0,
-50,54,1944,1998,0,0.0,
-50,54,1945,1999,0,0.0,
-50,54,1946,2000,0,0.0,
-50,54,1947,2001,0,0.0,
-50,54,1948,2002,0,0.0,
-50,54,1949,2003,0,0.0,
-50,54,1950,2004,0,0.0,
-50,54,1951,2005,0,0.0,
-50,54,1952,2006,0,0.0,
-50,54,1953,2007,0,0.0,
-50,54,1954,2008,0,0.0,
-50,54,1955,2009,1,0.01,20.04
-50,54,1956,2010,21,0.15,47.910000000000004
-50,54,1957,2011,21,0.15,29.720000000000002
-50,54,1958,2012,21,0.15,19.139999999999997
-50,54,1959,2013,21,0.15,17.7
-50,54,1960,2014,21,0.15,19.96
-50,54,1961,2015,21,0.15,18.5
-50,54,1962,2016,21,0.15,15.57
-50,54,1963,2017,21,0.15,14.799999999999999
-50,54,1964,2018,21,0.15,15.299999999999999
-50,54,1965,2019,21,0.15,12.959999999999999
-50,54,1966,2020,21,0.15,14.31
-50,55,1928,1983,0,0.0,
-50,55,1929,1984,0,0.0,
-50,55,1930,1985,0,0.0,
-50,55,1931,1986,0,0.0,
-50,55,1932,1987,0,0.0,
-50,55,1933,1988,0,0.0,
-50,55,1934,1989,0,0.0,
-50,55,1935,1990,0,0.0,
-50,55,1936,1991,0,0.0,
-50,55,1937,1992,0,0.0,
-50,55,1938,1993,0,0.0,
-50,55,1939,1994,0,0.0,
-50,55,1940,1995,0,0.0,
-50,55,1941,1996,0,0.0,
-50,55,1942,1997,0,0.0,
-50,55,1943,1998,0,0.0,
-50,55,1944,1999,0,0.0,
-50,55,1945,2000,0,0.0,
-50,55,1946,2001,0,0.0,
-50,55,1947,2002,0,0.0,
-50,55,1948,2003,0,0.0,
-50,55,1949,2004,0,0.0,
-50,55,1950,2005,0,0.0,
-50,55,1951,2006,0,0.0,
-50,55,1952,2007,0,0.0,
-50,55,1953,2008,0,0.0,
-50,55,1954,2009,1,0.01,20.04
-50,55,1955,2010,21,0.15,47.910000000000004
-50,55,1956,2011,21,0.15,29.720000000000002
-50,55,1957,2012,21,0.15,19.139999999999997
-50,55,1958,2013,21,0.15,17.7
-50,55,1959,2014,21,0.15,19.96
-50,55,1960,2015,21,0.15,18.5
-50,55,1961,2016,21,0.15,15.57
-50,55,1962,2017,21,0.15,14.799999999999999
-50,55,1963,2018,21,0.15,15.299999999999999
-50,55,1964,2019,21,0.15,12.959999999999999
-50,55,1965,2020,21,0.15,14.31
-50,56,1928,1984,0,0.0,
-50,56,1929,1985,0,0.0,
-50,56,1930,1986,0,0.0,
-50,56,1931,1987,0,0.0,
-50,56,1932,1988,0,0.0,
-50,56,1933,1989,0,0.0,
-50,56,1934,1990,0,0.0,
-50,56,1935,1991,0,0.0,
-50,56,1936,1992,0,0.0,
-50,56,1937,1993,0,0.0,
-50,56,1938,1994,0,0.0,
-50,56,1939,1995,0,0.0,
-50,56,1940,1996,0,0.0,
-50,56,1941,1997,0,0.0,
-50,56,1942,1998,0,0.0,
-50,56,1943,1999,0,0.0,
-50,56,1944,2000,0,0.0,
-50,56,1945,2001,0,0.0,
-50,56,1946,2002,0,0.0,
-50,56,1947,2003,0,0.0,
-50,56,1948,2004,0,0.0,
-50,56,1949,2005,0,0.0,
-50,56,1950,2006,0,0.0,
-50,56,1951,2007,0,0.0,
-50,56,1952,2008,0,0.0,
-50,56,1953,2009,1,0.01,20.04
-50,56,1954,2010,21,0.15,47.910000000000004
-50,56,1955,2011,21,0.15,29.720000000000002
-50,56,1956,2012,21,0.15,19.139999999999997
-50,56,1957,2013,21,0.15,17.7
-50,56,1958,2014,21,0.15,19.96
-50,56,1959,2015,21,0.15,18.5
-50,56,1960,2016,21,0.15,15.57
-50,56,1961,2017,21,0.15,14.799999999999999
-50,56,1962,2018,21,0.15,15.299999999999999
-50,56,1963,2019,21,0.15,12.959999999999999
-50,56,1964,2020,21,0.15,14.31
-50,57,1928,1985,0,0.0,
-50,57,1929,1986,0,0.0,
-50,57,1930,1987,0,0.0,
-50,57,1931,1988,0,0.0,
-50,57,1932,1989,0,0.0,
-50,57,1933,1990,0,0.0,
-50,57,1934,1991,0,0.0,
-50,57,1935,1992,0,0.0,
-50,57,1936,1993,0,0.0,
-50,57,1937,1994,0,0.0,
-50,57,1938,1995,0,0.0,
-50,57,1939,1996,0,0.0,
-50,57,1940,1997,0,0.0,
-50,57,1941,1998,0,0.0,
-50,57,1942,1999,0,0.0,
-50,57,1943,2000,0,0.0,
-50,57,1944,2001,0,0.0,
-50,57,1945,2002,0,0.0,
-50,57,1946,2003,0,0.0,
-50,57,1947,2004,0,0.0,
-50,57,1948,2005,0,0.0,
-50,57,1949,2006,0,0.0,
-50,57,1950,2007,0,0.0,
-50,57,1951,2008,0,0.0,
-50,57,1952,2009,1,0.01,20.04
-50,57,1953,2010,21,0.15,47.910000000000004
-50,57,1954,2011,21,0.15,29.720000000000002
-50,57,1955,2012,21,0.15,19.139999999999997
-50,57,1956,2013,21,0.15,17.7
-50,57,1957,2014,21,0.15,19.96
-50,57,1958,2015,21,0.15,18.5
-50,57,1959,2016,21,0.15,15.57
-50,57,1960,2017,21,0.15,14.799999999999999
-50,57,1961,2018,21,0.15,15.299999999999999
-50,57,1962,2019,21,0.15,12.959999999999999
-50,57,1963,2020,21,0.15,14.31
-50,58,1928,1986,0,0.0,
-50,58,1929,1987,0,0.0,
-50,58,1930,1988,0,0.0,
-50,58,1931,1989,0,0.0,
-50,58,1932,1990,0,0.0,
-50,58,1933,1991,0,0.0,
-50,58,1934,1992,0,0.0,
-50,58,1935,1993,0,0.0,
-50,58,1936,1994,0,0.0,
-50,58,1937,1995,0,0.0,
-50,58,1938,1996,0,0.0,
-50,58,1939,1997,0,0.0,
-50,58,1940,1998,0,0.0,
-50,58,1941,1999,0,0.0,
-50,58,1942,2000,0,0.0,
-50,58,1943,2001,0,0.0,
-50,58,1944,2002,0,0.0,
-50,58,1945,2003,0,0.0,
-50,58,1946,2004,0,0.0,
-50,58,1947,2005,0,0.0,
-50,58,1948,2006,0,0.0,
-50,58,1949,2007,0,0.0,
-50,58,1950,2008,0,0.0,
-50,58,1951,2009,1,0.01,20.04
-50,58,1952,2010,21,0.15,47.910000000000004
-50,58,1953,2011,21,0.15,29.720000000000002
-50,58,1954,2012,21,0.15,19.139999999999997
-50,58,1955,2013,21,0.13999999999999999,17.7
-50,58,1956,2014,21,0.13999999999999999,19.96
-50,58,1957,2015,21,0.13999999999999999,18.5
-50,58,1958,2016,21,0.13999999999999999,15.57
-50,58,1959,2017,21,0.13999999999999999,14.799999999999999
-50,58,1960,2018,21,0.13999999999999999,15.299999999999999
-50,58,1961,2019,21,0.13999999999999999,12.959999999999999
-50,58,1962,2020,21,0.13999999999999999,14.31
-50,59,1928,1987,0,0.0,
-50,59,1929,1988,0,0.0,
-50,59,1930,1989,0,0.0,
-50,59,1931,1990,0,0.0,
-50,59,1932,1991,0,0.0,
-50,59,1933,1992,0,0.0,
-50,59,1934,1993,0,0.0,
-50,59,1935,1994,0,0.0,
-50,59,1936,1995,0,0.0,
-50,59,1937,1996,0,0.0,
-50,59,1938,1997,0,0.0,
-50,59,1939,1998,0,0.0,
-50,59,1940,1999,0,0.0,
-50,59,1941,2000,0,0.0,
-50,59,1942,2001,0,0.0,
-50,59,1943,2002,0,0.0,
-50,59,1944,2003,0,0.0,
-50,59,1945,2004,0,0.0,
-50,59,1946,2005,0,0.0,
-50,59,1947,2006,0,0.0,
-50,59,1948,2007,0,0.0,
-50,59,1949,2008,0,0.0,
-50,59,1950,2009,1,0.01,20.04
-50,59,1951,2010,21,0.15,47.910000000000004
-50,59,1952,2011,21,0.15,29.720000000000002
-50,59,1953,2012,21,0.15,19.139999999999997
-50,59,1954,2013,21,0.13999999999999999,17.7
-50,59,1955,2014,21,0.13999999999999999,19.96
-50,59,1956,2015,21,0.13999999999999999,18.5
-50,59,1957,2016,21,0.13999999999999999,15.57
-50,59,1958,2017,21,0.13999999999999999,14.799999999999999
-50,59,1959,2018,21,0.13999999999999999,15.299999999999999
-50,59,1960,2019,21,0.13999999999999999,12.959999999999999
-50,59,1961,2020,21,0.13999999999999999,14.31
-50,60,1928,1988,0,0.0,
-50,60,1929,1989,0,0.0,
-50,60,1930,1990,0,0.0,
-50,60,1931,1991,0,0.0,
-50,60,1932,1992,0,0.0,
-50,60,1933,1993,0,0.0,
-50,60,1934,1994,0,0.0,
-50,60,1935,1995,0,0.0,
-50,60,1936,1996,0,0.0,
-50,60,1937,1997,0,0.0,
-50,60,1938,1998,0,0.0,
-50,60,1939,1999,0,0.0,
-50,60,1940,2000,0,0.0,
-50,60,1941,2001,0,0.0,
-50,60,1942,2002,0,0.0,
-50,60,1943,2003,0,0.0,
-50,60,1944,2004,0,0.0,
-50,60,1945,2005,0,0.0,
-50,60,1946,2006,0,0.0,
-50,60,1947,2007,0,0.0,
-50,60,1948,2008,0,0.0,
-50,60,1949,2009,1,0.01,20.04
-50,60,1950,2010,21,0.15,47.910000000000004
-50,60,1951,2011,21,0.15,29.720000000000002
-50,60,1952,2012,21,0.15,19.139999999999997
-50,60,1953,2013,21,0.13999999999999999,17.7
-50,60,1954,2014,21,0.13999999999999999,19.96
-50,60,1955,2015,21,0.13999999999999999,18.5
-50,60,1956,2016,21,0.13999999999999999,15.57
-50,60,1957,2017,21,0.13999999999999999,14.799999999999999
-50,60,1958,2018,21,0.13999999999999999,15.299999999999999
-50,60,1959,2019,21,0.13999999999999999,12.959999999999999
-50,60,1960,2020,21,0.13999999999999999,14.31
-50,61,1928,1989,0,0.0,
-50,61,1929,1990,0,0.0,
-50,61,1930,1991,0,0.0,
-50,61,1931,1992,0,0.0,
-50,61,1932,1993,0,0.0,
-50,61,1933,1994,0,0.0,
-50,61,1934,1995,0,0.0,
-50,61,1935,1996,0,0.0,
-50,61,1936,1997,0,0.0,
-50,61,1937,1998,0,0.0,
-50,61,1938,1999,0,0.0,
-50,61,1939,2000,0,0.0,
-50,61,1940,2001,0,0.0,
-50,61,1941,2002,0,0.0,
-50,61,1942,2003,0,0.0,
-50,61,1943,2004,0,0.0,
-50,61,1944,2005,0,0.0,
-50,61,1945,2006,0,0.0,
-50,61,1946,2007,0,0.0,
-50,61,1947,2008,0,0.0,
-50,61,1948,2009,1,0.01,20.04
-50,61,1949,2010,21,0.15,47.910000000000004
-50,61,1950,2011,21,0.15,29.720000000000002
-50,61,1951,2012,21,0.15,19.139999999999997
-50,61,1952,2013,21,0.13999999999999999,17.7
-50,61,1953,2014,21,0.13999999999999999,19.96
-50,61,1954,2015,21,0.13999999999999999,18.5
-50,61,1955,2016,21,0.13999999999999999,15.57
-50,61,1956,2017,21,0.13999999999999999,14.799999999999999
-50,61,1957,2018,21,0.13999999999999999,15.299999999999999
-50,61,1958,2019,21,0.13999999999999999,12.959999999999999
-50,61,1959,2020,21,0.13999999999999999,14.31
-50,62,1928,1990,0,0.0,
-50,62,1929,1991,0,0.0,
-50,62,1930,1992,0,0.0,
-50,62,1931,1993,0,0.0,
-50,62,1932,1994,0,0.0,
-50,62,1933,1995,0,0.0,
-50,62,1934,1996,0,0.0,
-50,62,1935,1997,0,0.0,
-50,62,1936,1998,0,0.0,
-50,62,1937,1999,0,0.0,
-50,62,1938,2000,0,0.0,
-50,62,1939,2001,0,0.0,
-50,62,1940,2002,0,0.0,
-50,62,1941,2003,0,0.0,
-50,62,1942,2004,0,0.0,
-50,62,1943,2005,0,0.0,
-50,62,1944,2006,0,0.0,
-50,62,1945,2007,0,0.0,
-50,62,1946,2008,0,0.0,
-50,62,1947,2009,1,0.01,20.04
-50,62,1948,2010,21,0.15,47.910000000000004
-50,62,1949,2011,21,0.15,29.720000000000002
-50,62,1950,2012,21,0.15,19.139999999999997
-50,62,1951,2013,21,0.13999999999999999,17.7
-50,62,1952,2014,21,0.13999999999999999,19.96
-50,62,1953,2015,21,0.13999999999999999,18.5
-50,62,1954,2016,21,0.13999999999999999,15.57
-50,62,1955,2017,21,0.13,14.799999999999999
-50,62,1956,2018,21,0.13,15.299999999999999
-50,62,1957,2019,21,0.13,12.959999999999999
-50,62,1958,2020,21,0.13,14.31
-50,63,1928,1991,0,0.0,
-50,63,1929,1992,0,0.0,
-50,63,1930,1993,0,0.0,
-50,63,1931,1994,0,0.0,
-50,63,1932,1995,0,0.0,
-50,63,1933,1996,0,0.0,
-50,63,1934,1997,0,0.0,
-50,63,1935,1998,0,0.0,
-50,63,1936,1999,0,0.0,
-50,63,1937,2000,0,0.0,
-50,63,1938,2001,0,0.0,
-50,63,1939,2002,0,0.0,
-50,63,1940,2003,0,0.0,
-50,63,1941,2004,0,0.0,
-50,63,1942,2005,0,0.0,
-50,63,1943,2006,0,0.0,
-50,63,1944,2007,0,0.0,
-50,63,1945,2008,0,0.0,
-50,63,1946,2009,1,0.01,20.04
-50,63,1947,2010,21,0.15,47.910000000000004
-50,63,1948,2011,21,0.15,29.720000000000002
-50,63,1949,2012,21,0.15,19.139999999999997
-50,63,1950,2013,21,0.13999999999999999,17.7
-50,63,1951,2014,21,0.13999999999999999,19.96
-50,63,1952,2015,21,0.13999999999999999,18.5
-50,63,1953,2016,21,0.13999999999999999,15.57
-50,63,1954,2017,21,0.13,14.799999999999999
-50,63,1955,2018,21,0.13,15.299999999999999
-50,63,1956,2019,21,0.13,12.959999999999999
-50,63,1957,2020,21,0.13,14.31
